Folder Name,Song Name,Artist,Album,Year,Charter,Diff Band,Diff Guitar,Diff Bass,Diff Drums,Diff Keys,Diff Vocals,Diff Pro Guitar,Diff Pro Bass,Diff Pro Keys,Diff Pro Drums,Diff Vocal Harmonies,Has Pro Guitar,Has Pro Keys,Has Pro Drums,Has Vocal Harmonies,Audio Tracks,Guitar Tuning,Bass Tuning,S.SterrGtuning,S.SterrBtuning,S.SterrStatus
311 - Amber,Amber,311,From Chaos,2001,Harmonix,2,2,2,3,3,2,-1,-1,3,3,-1,FALSE,TRUE,TRUE,FALSE,"drums.ogg, guitar.ogg, keys.ogg, rhythm.ogg, song.ogg, vocals.ogg",0 0 0 0 0 0,0 0 0 0,0 0 0 0 0 0,0 0 0 0 0,matched
311 - Beautiful Disaster,Beautiful Disaster,311,Transistor,1997,Harmonix,1,3,3,4,0,1,-1,-1,0,4,-1,FALSE,TRUE,TRUE,FALSE,"drums_1.ogg, drums_2.ogg, guitar.ogg, keys.ogg, rhythm.ogg, song.ogg, vocals.ogg",0 0 0 0 0 0,0 0 0 0,0 0 0 0 0 0,0 0 0 0,matched
311 - Down,Down,311,311,1995,Harmonix,2,3,2,4,-1,1,3,2,-1,4,-1,TRUE,FALSE,TRUE,FALSE,"drums_1.ogg, drums_2.ogg, drums_3.ogg, guitar.ogg, rhythm.ogg, song.ogg, vocals.ogg",0 0 0 0 0 0,0 0 0 0,0 0 0 0 0 0,0 0 0 0,matched
38 Special - Hold On Loosely,Hold On Loosely,.38 Special,Wild-Eyed Southern Boys,1981,Harmonix,3,5,3,2,1,3,4,5,1,2,3,TRUE,TRUE,TRUE,TRUE,"drums_1.ogg, drums_2.ogg, guitar.ogg, keys.ogg, rhythm.ogg, song.ogg, vocals.ogg",0 0 0 0 0 0,0 0 0 0,0 0 0 0 0 0,0 0 0 0,matched
3 Doors Down - Here Without You,Here Without You,3 Doors Down,Away from the Sun,2002,Harmonix,1,3,0,2,2,3,-1,-1,2,2,3,FALSE,TRUE,TRUE,TRUE,"drums_1.ogg, drums_2.ogg, drums_3.ogg, guitar.ogg, keys.ogg, rhythm.ogg, song.ogg, vocals.ogg",0 0 0 0 0 0,0 0 0 0,-1 -1 -1 -1 -1 -1,-1 -1 -1 -1,matched
3 Doors Down - When I'm Gone,When I'm Gone,3 Doors Down,Away from the Sun,2002,Harmonix,1,3,2,2,-1,2,2,2,-1,2,2,TRUE,FALSE,TRUE,TRUE,"drums_1.ogg, drums_2.ogg, drums_3.ogg, guitar.ogg, rhythm.ogg, song.ogg, vocals.ogg",0 0 0 0 0 0,0 0 0 0,0 0 0 0 0 0,0 0 0 0,matched
3 Doors Down - When You're Young,When You're Young,3 Doors Down,Time of My Life,2011,Harmonix,1,2,1,2,1,3,-1,-1,2,2,3,FALSE,TRUE,TRUE,TRUE,"drums_1.ogg, drums_2.ogg, drums_3.ogg, guitar.ogg, keys.ogg, rhythm.ogg, song.ogg, vocals.ogg",0 0 0 0 0 0,0 0 0 0,0 0 0 0 0 0,0 0 0 0,matched
Aerosmith - Back in the Saddle,Back in the Saddle,Aerosmith,Aerosmith's Greatest Hits,1976,Harmonix,4,4,4,2,-1,4,-1,-1,-1,2,4,FALSE,FALSE,TRUE,TRUE,"drums.ogg, guitar.ogg, rhythm.ogg, song.ogg, vocals.ogg",0 0 0 0 0 0,0 0 0 0,-1 -1 -1 -1 -1 -1,-1 -1 -1 -1,matched
Aerosmith - Dream On (Live),Dream On (Live),Aerosmith,Live from the Vault,1973,Harmonix,1,2,1,1,1,4,4,2,1,1,-1,TRUE,TRUE,TRUE,FALSE,"drums.ogg, guitar.ogg, keys.ogg, rhythm.ogg, song.ogg, vocals.ogg",0 0 0 0 0 0,0 0 0 0,0 0 0 0 0 0,0 0 0 0,matched
Aerosmith - Legendary Child,Legendary Child,Aerosmith,Music from Another Dimension!,2012,Harmonix,3,3,4,3,-1,3,-1,-1,1,3,3,FALSE,TRUE,TRUE,TRUE,"drums.ogg, guitar.ogg, rhythm.ogg, song.ogg, vocals.ogg",0 0 0 0 0 0,0 0 0 0,0 0 0 0 0 0,0 0 0 0,matched
Aerosmith - Lover Alot,Lover Alot,Aerosmith,Music from Another Dimension!,2012,Harmonix,2,3,1,3,-1,3,-1,-1,1,3,3,FALSE,TRUE,TRUE,TRUE,"drums.ogg, guitar.ogg, rhythm.ogg, song.ogg, vocals.ogg",0 0 0 0 0 0,0 0 0 0,0 0 0 0 0 0,0 0 0 0,matched
Aerosmith - Sweet Emotion,Sweet Emotion,Aerosmith,Aerosmith's Greatest Hits,1975,Harmonix,3,3,4,3,-1,2,6,2,-1,3,2,TRUE,FALSE,TRUE,TRUE,"drums.ogg, guitar.ogg, rhythm.ogg, song.ogg, vocals.ogg",0 0 0 0 0 0,0 0 0 0,0 0 0 0 0 0,0 0 0 0,matched
Aerosmith - Walk This Way,Walk This Way,Aerosmith,Aerosmith's Greatest Hits,1975,Harmonix,5,4,4,3,-1,5,-1,-1,-1,3,5,FALSE,FALSE,TRUE,TRUE,"drums.ogg, guitar.ogg, rhythm.ogg, song.ogg, vocals.ogg",0 0 0 0 0 0,0 0 0 0,0 0 0 0 0 0,0 0 0 0,matched
A Flock of Seagulls - I Ran (So Far Away),I Ran (So Far Away),A Flock of Seagulls,A Flock of Seagulls,1982,Harmonix,1,2,2,2,0,1,-1,-1,0,2,1,FALSE,TRUE,TRUE,TRUE,"drums_1.ogg, drums_2.ogg, drums_3.ogg, guitar.ogg, keys.ogg, rhythm.ogg, song.ogg, vocals.ogg",0 0 0 0 0 0,0 0 0 0,0 0 0 0 0 0,0 0 0 0,matched
a-ha - Take on Me,Take on Me,a-ha,Hunting High and Low,1985,Harmonix,4,2,2,4,3,4,0,1,3,4,4,TRUE,TRUE,TRUE,TRUE,"drums.ogg, guitar.ogg, keys.ogg, rhythm.ogg, song.ogg, vocals.ogg",0 0 0 0 0 0,0 0 0 0,Unknown,-2 0 0 0,matched
Amy Winehouse - Rehab,Rehab,Amy Winehouse,Back to Black,2006,Harmonix,3,0,1,4,4,3,0,3,4,4,3,TRUE,TRUE,TRUE,TRUE,"drums_1.ogg, drums_2.ogg, guitar.ogg, keys.ogg, rhythm.ogg, song.ogg, vocals.ogg",0 0 0 0 0 0,0 0 0 0,0 0 0 0 0 0,0 0 0 0,matched
Anaïs - Peut-Être une Angine,Peut-Être une Angine,Anaïs,The Love Album,2008,Harmonix,1,1,1,3,0,3,-1,-1,0,3,3,FALSE,TRUE,TRUE,TRUE,"drums.ogg, guitar.ogg, keys.ogg, rhythm.ogg, song.ogg, vocals.ogg",0 0 0 0 0 0,0 0 0 0,0 0 0 0 0 0,0 0 0 0,matched
Anberlin - Breaking,Breaking,Anberlin,New Surrender,2008,Harmonix,2,2,1,3,1,3,-1,-1,1,3,-1,FALSE,TRUE,TRUE,FALSE,"drums_1.ogg, drums_2.ogg, drums_3.ogg, guitar.ogg, keys.ogg, rhythm.ogg, song.ogg, vocals.ogg",0 0 0 0 0 0,0 0 0 0,0 0 0 0 0 0,0 0 0 0,matched
Andrew W.K. - Party Hard,Party Hard,Andrew W.K.,I Get Wet,2001,Harmonix,2,3,3,3,2,1,-1,-1,2,3,1,FALSE,TRUE,TRUE,TRUE,"drums_1.ogg, drums_2.ogg, drums_3.ogg, guitar.ogg, keys.ogg, rhythm.ogg, song.ogg, vocals.ogg",0 0 0 0 0 0,0 0 0 0,0 0 0 0 0 0,0 0 0 0,matched
Angels & Airwaves - The Adventure,The Adventure,Angels & Airwaves,We Don't Need to Whisper,2006,Harmonix,3,3,2,4,1,3,-1,-1,1,4,3,FALSE,TRUE,TRUE,TRUE,"drums_1.ogg, drums_2.ogg, drums_3.ogg, guitar.ogg, keys.ogg, rhythm.ogg, song.ogg, vocals.ogg",0 0 0 0 0 0,0 0 0 0,0 0 0 0 0 0,0 0 0 0,matched
Animotion - Obsession,Obsession,Animotion,Obsession,1984,Harmonix,3,2,5,5,2,1,-1,-1,1,5,1,FALSE,TRUE,TRUE,TRUE,"drums_1.ogg, drums_2.ogg, drums_3.ogg, guitar.ogg, keys.ogg, rhythm.ogg, song.ogg, vocals.ogg",0 0 0 0 0 0,0 0 0 0,0 0 0 0 0 0,0 0 0 0,matched
Anthrax - Caught in a Mosh (2x Bass Pedal Expert+),Caught in a Mosh,Anthrax,Among the Living,1987,Harmonix,6,6,6,6,-1,5,6,6,-1,6,5,TRUE,FALSE,TRUE,TRUE,"drums_1.ogg, drums_2.ogg, drums_3.ogg, guitar.ogg, rhythm.ogg, song.ogg, vocals.ogg",0 0 0 0 0 0,0 0 0 0,0 0 0 0 0 0,0 0 0 0,matched
Arctic Monkeys - R U Mine,R U Mine?,Arctic Monkeys,AM,2013,Harmonix,3,3,3,3,-1,5,-1,-1,-1,3,5,FALSE,FALSE,TRUE,TRUE,"drums.ogg, guitar.ogg, rhythm.ogg, song.ogg, vocals.ogg",0 0 0 0 0 0,0 0 0 0,0 0 0 0 0 0,0 0 0 0,matched
At the Drive-In - One Armed Scissor,One Armed Scissor,At the Drive-In,Relationship of Command,2000,Harmonix,5,5,4,5,-1,6,3,5,-1,5,6,TRUE,FALSE,TRUE,TRUE,"drums_1.ogg, drums_2.ogg, drums_3.ogg, guitar.ogg, rhythm.ogg, song.ogg, vocals.ogg",0 0 0 0 0 0,0 0 0 0,0 0 0 0 0 0,0 0 0 0,matched
Avenged Sevenfold - Beast and the Harlot (2x Bass Pedal Expert+),Beast and the Harlot,Avenged Sevenfold,City of Evil,2005,Harmonix,6,5,6,6,-1,5,6,6,-1,6,5,TRUE,FALSE,TRUE,TRUE,"drums_1.ogg, drums_2.ogg, drums_3.ogg, guitar.ogg, rhythm.ogg, song.ogg, vocals.ogg",0 0 0 0 0 0,0 0 0 0,-2 0 0 0 0 0,-2 0 0 0,matched
Avenged Sevenfold - Shepherd of Fire (2x Bass Pedal Expert+),Shepherd of Fire,Avenged Sevenfold,Hail to the King,2013,Harmonix,5,6,2,4,-1,3,-1,-1,-1,4,3,FALSE,FALSE,TRUE,TRUE,"drums.ogg, guitar.ogg, rhythm.ogg, song.ogg, vocals.ogg",0 0 0 0 0 0,0 0 0 0,-2 0 0 0 0 0,-2 0 0 0,matched
Avenged Sevenfold - Unholy Confessions (2x Bass Pedal Expert+),Unholy Confessions,Avenged Sevenfold,Waking the Fallen,2003,Harmonix,5,4,4,5,-1,2,4,4,-1,5,2,TRUE,FALSE,TRUE,TRUE,"drums_1.ogg, drums_2.ogg, drums_3.ogg, guitar.ogg, rhythm.ogg, song.ogg, vocals.ogg",-2 0 0 0 0 0,-2 0 0 0,-2 0 0 0 0 0,-2 0 0 0,matched
Avenged Sevenfold - Welcome to the Family (2x Bass Pedal Expert+),Welcome to the Family,Avenged Sevenfold,Nightmare,2010,Harmonix,5,5,5,4,-1,3,-1,-1,-1,4,3,FALSE,FALSE,TRUE,TRUE,"drums_1.ogg, drums_2.ogg, drums_3.ogg, guitar.ogg, rhythm.ogg, song.ogg, vocals.ogg",0 0 0 0 0 0,0 0 0 0,-2 0 0 0 0 0,-2 0 0 0,matched
Bad Company - Can't Get Enough,Can't Get Enough,Bad Company,Bad Company,1974,Harmonix,4,4,2,4,-1,4,2,2,-1,4,-1,TRUE,FALSE,TRUE,FALSE,"drums_1.ogg, drums_2.ogg, guitar.ogg, rhythm.ogg, song.ogg, vocals.ogg",0 -2 0 0 0 0,0 0 0 0,0 0 0 0 0 0,0 0 0 0,matched
BAP - Verdamp Lang Her,Verdamp Lang Her,BAP,Für Usszeschnigge,1981,Harmonix,2,3,3,3,3,2,-1,-1,3,3,2,FALSE,TRUE,TRUE,TRUE,"drums_1.ogg, drums_2.ogg, drums_3.ogg, guitar.ogg, keys.ogg, rhythm.ogg, song.ogg, vocals.ogg",0 0 0 0 0 0,0 0 0 0,0 0 0 0 0 0,0 0 0 0,matched
BB Brunes - Dis-Moi,Dis-Moi,BB Brunes,Blonde Comme Moi,2007,Harmonix,1,2,2,3,-1,2,1,1,-1,3,2,TRUE,FALSE,TRUE,TRUE,"drums_1.ogg, drums_2.ogg, drums_3.ogg, guitar.ogg, rhythm.ogg, song.ogg, vocals.ogg",0 0 0 0 0 0,0 0 0 0,0 0 0 0 0 0,0 0 0 0,matched
B.B. King - The Thrill is Gone,The Thrill Is Gone,B.B. King,Completely Well,1969,Harmonix,1,1,1,2,3,3,4,1,4,2,-1,TRUE,TRUE,TRUE,FALSE,"drums.ogg, guitar.ogg, keys.ogg, rhythm.ogg, song.ogg, vocals.ogg",0 0 0 0 0 0,0 0 0 0,0 0 0 0 0 0,0 0 0 0,matched
Beastie Boys - Make Some Noise,Make Some Noise,Beastie Boys,Hot Sauce Committee Part Two,2011,Harmonix,2,-1,2,1,4,2,-1,-1,-1,1,2,FALSE,FALSE,TRUE,TRUE,"drums.ogg, keys.ogg, rhythm.ogg, song.ogg, vocals.ogg",0 0 0 0 0 0,0 0 0 0,0 0 0 0 0 0,0 0 0 0,matched
Beastie Boys - No Sleep till Brooklyn,No Sleep till Brooklyn,Beastie Boys,Licensed to Ill,1986,Harmonix,2,4,0,1,-1,1,-1,-1,-1,1,1,FALSE,FALSE,TRUE,TRUE,"drums_1.ogg, drums_2.ogg, drums_3.ogg, guitar.ogg, rhythm.ogg, song.ogg, vocals.ogg",0 0 0 0 0 0,0 0 0 0,-1 -1 -1 -1 -1 -1,-1 -1 -1 -1,matched
Big Country - In a Big Country,In a Big Country,Big Country,The Crossing,1983,Harmonix,2,3,6,1,4,2,6,4,5,1,2,TRUE,TRUE,TRUE,TRUE,"drums_1.ogg, drums_2.ogg, drums_3.ogg, guitar.ogg, keys.ogg, rhythm.ogg, song.ogg, vocals.ogg",0 0 0 0 0 0,0 0 0 0,0 0 0 0 0 0,0 0 0 0,matched
Billy Currington - That's How Country Boys Roll,That's How Country Boys Roll,Billy Currington,Little Bit of Everything,2008,Harmonix,2,4,2,3,-1,3,-1,-1,-1,3,3,FALSE,FALSE,TRUE,TRUE,"drums_1.ogg, drums_2.ogg, drums_3.ogg, guitar.ogg, rhythm.ogg, song.ogg, vocals.ogg",0 0 0 0 0 0,0 0 0 0,0 0 0 0 0 0,0 0 0 0,matched
Billy Currington - That's How Country Boys Roll (RB3 version),That's How Country Boys Roll (RB3 version),Billy Currington,Little Bit of Everything,2008,Harmonix,2,4,2,3,4,3,-1,-1,5,3,3,FALSE,TRUE,TRUE,TRUE,"drums_1.ogg, drums_2.ogg, drums_3.ogg, guitar.ogg, keys.ogg, rhythm.ogg, song.ogg, vocals.ogg",0 0 0 0 0 0,0 0 0 0,0 0 0 0 0 0,0 0 0 0,matched
Billy Joel - Big Shot,Big Shot,Billy Joel,52nd Street,1978,Harmonix,1,2,2,2,3,3,2,1,3,2,3,TRUE,TRUE,TRUE,TRUE,"drums_1.ogg, drums_2.ogg, guitar.ogg, keys.ogg, rhythm.ogg, song.ogg, vocals.ogg",0 0 0 0 0 0,0 0 0 0,0 0 0 0 0 0,0 0 0 0,matched
Billy Joel - Captain Jack,Captain Jack,Billy Joel,Piano Man,1973,Harmonix,2,3,2,3,3,2,-1,-1,3,3,-1,FALSE,TRUE,TRUE,FALSE,"drums_1.ogg, drums_2.ogg, guitar.ogg, keys.ogg, rhythm.ogg, song.ogg, vocals.ogg",0 0 0 0 0 0,0 0 0 0,0 0 0 0 0 0,0 0 0 0,matched
Billy Joel - I Go to Extremes,I Go to Extremes,Billy Joel,Storm Front,1989,Harmonix,5,3,2,3,6,3,-1,-1,6,3,3,FALSE,TRUE,TRUE,TRUE,"drums_1.ogg, drums_2.ogg, drums_3.ogg, guitar.ogg, keys.ogg, rhythm.ogg, song.ogg, vocals.ogg",0 0 0 0 0 0,0 0 0 0,0 0 0 0 0 0,0 0 0 0,matched
Billy Joel - It's Still Rock and Roll to Me,It's Still Rock and Roll to Me,Billy Joel,Glass Houses,1980,Harmonix,1,2,2,2,2,2,-1,-1,2,2,2,FALSE,TRUE,TRUE,TRUE,"drums_1.ogg, drums_2.ogg, guitar.ogg, keys.ogg, rhythm.ogg, song.ogg, vocals.ogg",0 0 0 0 0 0,0 0 0 0,0 0 0 0 0 0,0 0 0 0,matched
Billy Joel - Miami 2017 (See the Lights Go Out on Broadway),Miami 2017 (See the Lights Go Out on Broadway),Billy Joel,Turnstiles,1976,Harmonix,2,1,1,3,4,2,-1,-1,4,3,-1,FALSE,TRUE,TRUE,FALSE,"drums.ogg, guitar.ogg, keys.ogg, rhythm.ogg, song.ogg, vocals.ogg",0 0 0 0 0 0,0 0 0 0,0 0 0 0 0 0,0 0 0 0,matched
Billy Joel - Movin' Out (Anthony's Song),Movin' Out (Anthony's Song),Billy Joel,The Stranger,1977,Harmonix,1,2,2,1,3,4,2,1,3,1,4,TRUE,TRUE,TRUE,TRUE,"drums_1.ogg, drums_2.ogg, guitar.ogg, keys.ogg, rhythm.ogg, song.ogg, vocals.ogg",0 0 0 0 0 0,0 0 0 0,-2 0 0 0 0 0,-2 0 0 0,matched
Billy Joel - My Life,My Life,Billy Joel,52nd Street,1978,Harmonix,2,2,3,3,3,3,-1,-1,3,3,3,FALSE,TRUE,TRUE,TRUE,"drums_1.ogg, drums_2.ogg, guitar.ogg, keys.ogg, rhythm.ogg, song.ogg, vocals.ogg",0 0 0 0 0 0,0 0 0 0,0 0 0 0 0 0,0 0 0 0,matched
Billy Joel - Only the Good Die Young,Only the Good Die Young,Billy Joel,The Stranger,1977,Harmonix,2,3,3,3,4,4,1,3,4,3,4,TRUE,TRUE,TRUE,TRUE,"drums_1.ogg, drums_2.ogg, drums_3.ogg, guitar.ogg, keys.ogg, rhythm.ogg, song.ogg, vocals.ogg",0 0 0 0 0 0,0 0 0 0,0 0 0 0 0 0,0 0 0 0,matched
Billy Joel - Piano Man,Piano Man,Billy Joel,Piano Man,1973,Harmonix,3,5,2,4,4,4,-1,-1,4,4,-1,FALSE,TRUE,TRUE,FALSE,"drums_1.ogg, drums_2.ogg, drums_3.ogg, guitar.ogg, keys.ogg, rhythm.ogg, song.ogg, vocals.ogg",0 0 0 0 0 0,0 0 0 0,0 0 0 0 0 0,0 0 0 0,matched
Billy Joel - Prelude-Angry Young Man,Prelude/Angry Young Man,Billy Joel,Turnstiles,1976,Harmonix,5,3,3,5,6,3,2,2,6,5,3,TRUE,TRUE,TRUE,TRUE,"drums_1.ogg, drums_2.ogg, guitar.ogg, keys.ogg, rhythm.ogg, song.ogg, vocals.ogg",0 0 0 0 0 0,0 0 0 0,0 0 0 0 0 0,0 0 0 0,matched
Billy Joel - Pressure,Pressure,Billy Joel,The Nylon Curtain,1982,Harmonix,1,2,2,3,5,2,-1,-1,5,3,-1,FALSE,TRUE,TRUE,FALSE,"drums_1.ogg, drums_2.ogg, drums_3.ogg, guitar.ogg, keys.ogg, rhythm.ogg, song.ogg, vocals.ogg",0 0 0 0 0 0,0 0 0 0,0 0 0 0 0 0,-2 0 0 0,matched
Billy Joel - Say GoodBye to HollyWood,Say Goodbye to Hollywood,Billy Joel,Turnstiles,1976,Harmonix,1,2,1,1,3,3,-1,-1,3,1,3,FALSE,TRUE,TRUE,TRUE,"drums_1.ogg, drums_2.ogg, guitar.ogg, keys.ogg, rhythm.ogg, song.ogg, vocals.ogg",0 0 0 0 0 0,0 0 0 0,0 0 0 0 0 0,0 0 0 0,matched
Billy Joel - Scenes from an Italian Restaurant,Scenes from an Italian Restaurant,Billy Joel,The Stranger,1977,Harmonix,5,4,4,4,6,3,-1,-1,6,4,3,FALSE,TRUE,TRUE,TRUE,"drums_1.ogg, drums_2.ogg, drums_3.ogg, guitar.ogg, keys.ogg, rhythm.ogg, song.ogg, vocals.ogg",0 0 0 0 0 0,0 0 0 0,0 0 0 0 0 0,0 0 0 0,matched
Billy Joel - She's Always a Woman,She's Always a Woman,Billy Joel,The Stranger,1977,Harmonix,4,5,0,-1,5,3,-1,-1,6,-1,3,FALSE,TRUE,FALSE,TRUE,"guitar.ogg, keys.ogg, rhythm.ogg, song.ogg, vocals.ogg",0 0 0 0 0 0,0 0 0 0,0 0 0 0 0 0,0 0 0 0,matched
Billy Joel - The Entertainer,The Entertainer,Billy Joel,Streetlife Serenade,1974,Harmonix,5,5,3,4,6,3,-1,-1,6,4,-1,FALSE,TRUE,TRUE,FALSE,"drums_1.ogg, drums_2.ogg, guitar.ogg, keys.ogg, rhythm.ogg, song.ogg, vocals.ogg",0 0 0 0 0 0,0 0 0 0,0 0 0 0 0 0,0 0 0 0,matched
Billy Joel - The Stranger,The Stranger,Billy Joel,The Stranger,1977,Harmonix,4,4,3,4,4,3,-1,-1,5,4,3,FALSE,TRUE,TRUE,TRUE,"drums_1.ogg, drums_2.ogg, guitar.ogg, keys.ogg, rhythm.ogg, song.ogg, vocals.ogg",0 0 0 0 0 0,0 0 0 0,0 0 0 0 0 0,0 0 0 0,matched
Billy Joel - We Didn't Start the Fire,We Didn't Start the Fire,Billy Joel,Storm Front,1989,Harmonix,1,2,2,1,1,3,-1,-1,1,1,3,FALSE,TRUE,TRUE,TRUE,"drums_1.ogg, drums_2.ogg, drums_3.ogg, guitar.ogg, keys.ogg, rhythm.ogg, song.ogg, vocals.ogg",0 0 0 0 0 0,0 0 0 0,0 0 0 0 0 0,0 0 0 0 0,matched
Billy Joel - You May Be Right,You May Be Right,Billy Joel,Glass Houses,1980,Harmonix,4,3,2,3,4,4,-1,-1,4,3,4,FALSE,TRUE,TRUE,TRUE,"drums_1.ogg, drums_2.ogg, drums_3.ogg, guitar.ogg, keys.ogg, rhythm.ogg, song.ogg, vocals.ogg",0 0 0 0 0 0,0 0 0 0,0 0 0 0 0 0,0 0 0 0,matched
Billy Squier - Everybody Wants You,Everybody Wants You,Billy Squier,Emotions in Motion,1982,Harmonix,2,3,3,2,2,3,-1,-1,2,2,-1,FALSE,TRUE,TRUE,FALSE,"drums_1.ogg, drums_2.ogg, guitar.ogg, keys.ogg, rhythm.ogg, song.ogg, vocals.ogg",0 0 0 0 0 0,0 0 0 0,0 0 0 0 0 0,0 0 0 0,matched
Billy Squier - The Stroke,The Stroke,Billy Squier,Don't Say No,1981,Harmonix,1,2,2,1,1,5,1,1,1,1,-1,TRUE,TRUE,TRUE,FALSE,"drums.ogg, guitar.ogg, keys.ogg, rhythm.ogg, song.ogg, vocals.ogg",0 0 0 0 0 0,0 0 0 0,0 0 0 0 0 0,0 0 0 0,matched
Black Veil Brides - Rebel Love Song (2x Bass Pedal Expert+),Rebel Love Song,Black Veil Brides,Set the World on Fire,2011,Harmonix,4,5,3,4,-1,2,-1,-1,-1,4,2,FALSE,FALSE,TRUE,TRUE,"drums_1.ogg, drums_2.ogg, guitar.ogg, rhythm.ogg, song.ogg, vocals.ogg",0 0 0 0 0 0,0 0 0 0,-3 -1 -1 -1 -1 -1,-3 -1 -1 -1,matched
Blink-182 - Stay Together for the Kids,Stay Together for the Kids,Blink-182,Take Off Your Pants and Jacket,2001,Harmonix,1,2,1,3,2,2,-1,-1,2,3,2,FALSE,TRUE,TRUE,TRUE,"drums_1.ogg, drums_2.ogg, drums_3.ogg, guitar.ogg, keys.ogg, rhythm.ogg, song.ogg, vocals.ogg",0 0 0 0 0 0,0 0 0 0,0 0 0 0 0 0,0 0 0 0,matched
Blink-182 - The Party Song,The Party Song,Blink-182,Enema of the State,1999,Harmonix,5,3,3,6,-1,4,-1,-1,-1,6,4,FALSE,FALSE,TRUE,TRUE,"drums_1.ogg, drums_2.ogg, drums_3.ogg, guitar.ogg, rhythm.ogg, song.ogg, vocals.ogg",0 0 0 0 0 0,0 0 0 0,0 0 0 0 0 0,0 0 0 0,matched
Blink-182 - Up All Night,Up All Night,Blink-182,Neighborhoods,2011,Harmonix,4,3,3,5,3,3,3,2,3,5,3,TRUE,TRUE,TRUE,TRUE,"drums_1.ogg, drums_2.ogg, guitar.ogg, keys.ogg, rhythm.ogg, song.ogg, vocals.ogg",0 0 0 0 0 0,0 0 0 0,0 0 0 0 0 0,0 0 0 0,matched
Blondie - Heart of Glass,Heart of Glass,Blondie,Parallel Lines,1978,Harmonix,2,2,1,4,1,3,3,2,1,4,3,TRUE,TRUE,TRUE,TRUE,"drums_1.ogg, drums_2.ogg, drums_3.ogg, guitar.ogg, keys.ogg, rhythm.ogg, song.ogg, vocals.ogg",0 0 0 0 0 0,0 0 0 0,0 0 0 0 0 0,0 0 0 0,matched
"Blood, Sweat & Tears - Spinning Wheel",Spinning Wheel,"Blood, Sweat & Tears","Blood, Sweat & Tears",1968,Harmonix,4,3,3,4,2,3,-1,-1,3,4,-1,FALSE,TRUE,TRUE,FALSE,"drums.ogg, guitar.ogg, keys.ogg, rhythm.ogg, song.ogg, vocals.ogg",0 0 0 0 0 0,0 0 0 0,Unknown,0 0 0 0,matched
B.o.B. (featuring Hayley Williams) - Airplanes,Airplanes,B.o.B. (featuring Hayley Williams),B.o.B Presents: The Adventures of Bobby Ray,2010,Harmonix,1,0,0,3,0,2,-1,-1,1,3,2,FALSE,TRUE,TRUE,TRUE,"drums.ogg, guitar.ogg, keys.ogg, rhythm.ogg, song.ogg, vocals.ogg",0 0 0 0 0 0,0 0 0 0,0 0 0 0 0 0,0 0 0 0,matched
Bob Marley and the Wailers - Bend Down Low,Bend Down Low,Bob Marley and the Wailers,Natty Dread,1974,Harmonix,1,1,2,3,1,4,-1,-1,1,3,4,FALSE,TRUE,TRUE,TRUE,"drums_1.ogg, drums_2.ogg, guitar.ogg, keys.ogg, rhythm.ogg, song.ogg, vocals.ogg",0 0 0 0 0 0,0 0 0 0,Unknown,Unknown,matched_no_guitar_or_bass_track
Bob Marley and the Wailers - Burnin' and Lootin',Burnin' and Lootin',Bob Marley and the Wailers,Burnin',1973,Harmonix,2,1,2,3,4,3,-1,-1,3,3,3,FALSE,TRUE,TRUE,TRUE,"drums_1.ogg, drums_2.ogg, guitar.ogg, keys.ogg, rhythm.ogg, song.ogg, vocals.ogg",0 0 0 0 0 0,0 0 0 0,Unknown,22 22 21 21,matched
Bob Marley and the Wailers - Coming in from the Cold,Coming in from the Cold,Bob Marley and the Wailers,Uprising,1980,Harmonix,1,1,2,3,1,4,-1,-1,1,3,4,FALSE,TRUE,TRUE,TRUE,"drums_1.ogg, drums_2.ogg, drums_3.ogg, guitar.ogg, keys.ogg, rhythm.ogg, song.ogg, vocals.ogg",0 0 0 0 0 0,0 0 0 0,0 0 0 0 0 0,0 0 0 0,matched
"Bob Marley and the Wailers - Get Up, Stand Up","Get Up, Stand Up",Bob Marley and the Wailers,Legend,1984,Harmonix,1,1,4,2,3,5,0,3,2,2,5,TRUE,TRUE,TRUE,TRUE,"drums_1.ogg, drums_2.ogg, guitar.ogg, keys.ogg, rhythm.ogg, song.ogg, vocals.ogg",0 0 0 0 0 0,0 0 0 0,Unknown,Unknown,matched_no_guitar_or_bass_track
Bob Marley and the Wailers - Kaya,Kaya,Bob Marley and the Wailers,Kaya,1978,Harmonix,1,1,2,3,2,2,-1,-1,2,3,2,FALSE,TRUE,TRUE,TRUE,"drums_1.ogg, drums_2.ogg, guitar.ogg, keys.ogg, rhythm.ogg, song.ogg, vocals.ogg",0 0 0 0 0 0,0 0 0 0,Unknown,Unknown,matched_no_guitar_or_bass_track
Bob Marley and the Wailers - Lively Up Yourself,Lively Up Yourself,Bob Marley and the Wailers,Natty Dread,1974,Harmonix,3,4,2,3,3,3,-1,-1,3,3,3,FALSE,TRUE,TRUE,TRUE,"drums_1.ogg, drums_2.ogg, guitar.ogg, keys.ogg, rhythm.ogg, song.ogg, vocals.ogg",0 0 0 0 0 0,0 0 0 0,Unknown,Unknown,matched_no_guitar_or_bass_track
Bob Marley and the Wailers - No More Trouble,No More Trouble,Bob Marley and the Wailers,Catch a Fire,1973,Harmonix,1,2,2,3,1,3,-1,-1,1,3,3,FALSE,TRUE,TRUE,TRUE,"drums.ogg, guitar.ogg, keys.ogg, rhythm.ogg, song.ogg, vocals.ogg",0 0 0 0 0 0,0 0 0 0,0 0 0 0 0 0,0 0 0 0,matched
Bob Marley and the Wailers - Small Axe,Small Axe,Bob Marley and the Wailers,Burnin',1973,Harmonix,2,3,2,3,4,3,-1,-1,4,3,3,FALSE,TRUE,TRUE,TRUE,"drums_1.ogg, drums_2.ogg, guitar.ogg, keys.ogg, rhythm.ogg, song.ogg, vocals.ogg",0 0 0 0 0 0,0 0 0 0,0 0 0 0 0 0,0 0 0 0,matched
Bob Marley and the Wailers - Them Belly Full (But We Hungry),Them Belly Full (But We Hungry),Bob Marley and the Wailers,Natty Dread,1974,Harmonix,3,4,2,3,3,3,2,1,3,3,3,TRUE,TRUE,TRUE,TRUE,"drums_1.ogg, drums_2.ogg, guitar.ogg, keys.ogg, rhythm.ogg, song.ogg, vocals.ogg",0 0 0 0 0 0,0 0 0 0,0 0 0 0 0 0,0 0 0 0,matched
Bon Jovi - Bad Medicine,Bad Medicine,Bon Jovi,New Jersey,1988,Harmonix,3,5,3,2,4,2,-1,-1,4,2,2,FALSE,TRUE,TRUE,TRUE,"drums_1.ogg, drums_2.ogg, guitar.ogg, keys.ogg, rhythm.ogg, song.ogg, vocals.ogg",0 0 0 0 0 0,0 0 0 0,0 0 0 0 0 0,0 0 0 0,matched
Bon Jovi - Blaze of Glory,Blaze of Glory,Bon Jovi,Blaze of Glory,1990,Harmonix,2,4,2,3,1,3,-1,-1,1,3,3,FALSE,TRUE,TRUE,TRUE,"drums_1.ogg, drums_2.ogg, guitar.ogg, keys.ogg, rhythm.ogg, song.ogg, vocals.ogg",0 0 0 0 0 0,0 0 0 0,-2 0 0 0 0 0,0 0 0 0,matched
Bon Jovi - Have a Nice Day,Have a Nice Day,Bon Jovi,Have a Nice Day,2005,Harmonix,1,3,2,3,1,2,-1,-1,1,3,2,FALSE,TRUE,TRUE,TRUE,"drums.ogg, guitar.ogg, keys.ogg, rhythm.ogg, song.ogg, vocals.ogg",0 0 0 0 0 0,0 0 0 0,0 0 0 0 0 0,0 0 0 0,matched
Bon Jovi - I'll Be There for You,I'll Be There for You,Bon Jovi,New Jersey,1988,Harmonix,1,4,2,1,2,2,-1,-1,2,1,2,FALSE,TRUE,TRUE,TRUE,"drums_1.ogg, drums_2.ogg, guitar.ogg, keys.ogg, rhythm.ogg, song.ogg, vocals.ogg",0 0 0 0 0 0,0 0 0 0,0 0 0 0 0 0,0 0 0 0,matched
Bon Jovi - It's My Life,It's My Life,Bon Jovi,Crush,2000,Harmonix,1,2,2,1,2,2,-1,-1,1,1,2,FALSE,TRUE,TRUE,TRUE,"drums_1.ogg, drums_2.ogg, drums_3.ogg, guitar.ogg, keys.ogg, rhythm.ogg, song.ogg, vocals.ogg",0 0 0 0 0 0,0 0 0 0,0 0 0 0 0 0,0 0 0 0 0,matched
Bon Jovi - Lay Your Hands on Me,Lay Your Hands on Me,Bon Jovi,New Jersey,1988,Harmonix,1,4,3,2,3,2,-1,-1,2,2,2,FALSE,TRUE,TRUE,TRUE,"drums_1.ogg, drums_2.ogg, drums_3.ogg, guitar.ogg, keys.ogg, rhythm.ogg, song.ogg, vocals.ogg",0 0 0 0 0 0,0 0 0 0,0 0 0 0 0 0,-2 0 0 0,matched
Bon Jovi - Livin' on a Prayer (RB3 version),Livin' on a Prayer (RB3 version),Bon Jovi,Slippery When Wet,1986,Harmonix,3,3,4,1,2,4,2,4,3,1,4,TRUE,TRUE,TRUE,TRUE,"crowd.ogg, drums_1.ogg, drums_2.ogg, drums_3.ogg, guitar.ogg, keys.ogg, rhythm.ogg, song.ogg, vocals.ogg",0 0 0 0 0 0,0 0 0 0,0 0 0 0 0 0,0 0 0 0,matched
Bon Jovi - Runaway,Runaway,Bon Jovi,Bon Jovi,1984,Harmonix,3,4,2,2,5,3,3,1,5,2,3,TRUE,TRUE,TRUE,TRUE,"drums_1.ogg, drums_2.ogg, drums_3.ogg, guitar.ogg, keys.ogg, rhythm.ogg, song.ogg, vocals.ogg",0 0 0 0 0 0,0 0 0 0,0 0 0 0 0 0,0 0 0 0,matched
Bon Jovi - Wanted Dead or Alive (RB3 version),Wanted Dead or Alive (RB3 version),Bon Jovi,Slippery When Wet,1986,Harmonix,2,4,4,0,4,2,5,1,4,0,2,TRUE,TRUE,TRUE,TRUE,"crowd.ogg, drums_1.ogg, drums_2.ogg, drums_3.ogg, guitar.ogg, keys.ogg, rhythm.ogg, song.ogg, vocals.ogg",0 0 0 0 0 0,0 0 0 0,0 0 0 0 0 0,0 0 0 0,matched
Bon Jovi - We Weren't Born to Follow,We Weren't Born to Follow,Bon Jovi,The Circle,2009,Harmonix,1,3,2,1,1,3,-1,-1,1,1,3,FALSE,TRUE,TRUE,TRUE,"drums_1.ogg, drums_2.ogg, drums_3.ogg, guitar.ogg, keys.ogg, rhythm.ogg, song.ogg, vocals.ogg",0 0 0 0 0 0,0 0 0 0,0 0 0 0 0 0,0 0 0 0,matched
Bon Jovi - Who Says You Can't Go Home,Who Says You Can't Go Home,Bon Jovi,Have a Nice Day,2005,Harmonix,1,3,2,2,2,4,-1,-1,2,2,4,FALSE,TRUE,TRUE,TRUE,"drums_1.ogg, drums_2.ogg, drums_3.ogg, guitar.ogg, keys.ogg, rhythm.ogg, song.ogg, vocals.ogg",0 0 0 0 0 0,0 0 0 0,0 0 0 0 0 0,0 0 0 0,matched
Bon Jovi - You Give Love a Bad Name (RB3 version),You Give Love a Bad Name (RB3 version),Bon Jovi,Slippery When Wet,1986,Harmonix,1,3,1,1,2,2,3,3,3,1,2,TRUE,TRUE,TRUE,TRUE,"crowd.ogg, drums_1.ogg, drums_2.ogg, drums_3.ogg, guitar.ogg, keys.ogg, rhythm.ogg, song.ogg, vocals.ogg",0 0 0 0 0 0,0 0 0 0,0 0 0 0 0 0,0 0 0 0,matched
Bonnie Tyler - Total Eclipse of the Heart,Total Eclipse of the Heart,Bonnie Tyler,Faster Than the Speed of Night,1983,Harmonix,3,4,1,4,3,4,-1,-1,4,4,4,FALSE,TRUE,TRUE,TRUE,"drums_1.ogg, drums_2.ogg, drums_3.ogg, guitar.ogg, keys.ogg, rhythm.ogg, song.ogg, vocals.ogg",0 0 0 0 0 0,0 0 0 0,0 0 0 0 0 0,0 0 0 0,matched
Breaking Benjamin - Breath (2x Bass Pedal Expert+),Breath,Breaking Benjamin,Phobia,2006,Harmonix,2,2,2,3,-1,3,2,2,-1,3,3,TRUE,FALSE,TRUE,TRUE,"drums_1.ogg, drums_2.ogg, guitar.ogg, rhythm.ogg, song.ogg, vocals.ogg",-2 0 0 0 0 0,-2 0 0 0,-6 -4 -4 -4 -4 -4,-6 -4 -4 -4,matched
Breaking Benjamin - Sooner or Later,Sooner or Later,Breaking Benjamin,We Are Not Alone,2004,Harmonix,2,3,3,3,-1,2,-1,-1,-1,3,2,FALSE,FALSE,TRUE,TRUE,"drums_1.ogg, drums_2.ogg, guitar.ogg, rhythm.ogg, song.ogg, vocals.ogg",0 0 0 0 0 0,0 0 0 0,-4 -2 -2 -2 -2 -2,-2 -4 -2 -2 -2,matched
Breaking Benjamin - Until the End (2x Bass Pedal Expert+),Until the End,Breaking Benjamin,Phobia,2006,Harmonix,4,3,2,4,-1,3,-1,-1,-1,4,3,FALSE,FALSE,TRUE,TRUE,"drums_1.ogg, drums_2.ogg, drums_3.ogg, guitar.ogg, rhythm.ogg, song.ogg, vocals.ogg",0 0 0 0 0 0,0 0 0 0,-6 -4 -4 -4 -4 -4,-6 -4 -4 -4,matched
Bruno Mars - Grenade,Grenade,Bruno Mars,Doo-Wops & Hooligans,2010,Harmonix,1,0,1,3,3,3,-1,-1,3,3,3,FALSE,TRUE,TRUE,TRUE,"drums_1.ogg, drums_2.ogg, guitar.ogg, keys.ogg, rhythm.ogg, song.ogg, vocals.ogg",0 0 0 0 0 0,0 0 0 0,Unknown,0 0 0 0,matched
Bruno Mars - Just the Way You Are,Just the Way You Are,Bruno Mars,Doo-Wops & Hooligans,2010,Harmonix,1,0,0,3,2,3,-1,-1,2,3,3,FALSE,TRUE,TRUE,TRUE,"drums_1.ogg, drums_2.ogg, guitar.ogg, keys.ogg, rhythm.ogg, song.ogg, vocals.ogg",0 0 0 0 0 0,0 0 0 0,0 0 0 0 0 0,0 0 0 0 0,matched
Bruno Mars - Marry You,Marry You,Bruno Mars,Doo-Wops & Hooligans,2010,Harmonix,1,0,1,2,1,3,-1,-1,-1,2,3,FALSE,FALSE,TRUE,TRUE,"drums_1.ogg, drums_2.ogg, guitar.ogg, keys.ogg, rhythm.ogg, song.ogg, vocals.ogg",0 0 0 0 0 0,0 0 0 0,0 0 0 0 0 0,0 0 0 0,matched
Buffalo Springfield - For What It's Worth,For What It's Worth,Buffalo Springfield,Buffalo Springfield,1967,Harmonix,1,2,1,1,-1,3,1,4,-1,1,3,TRUE,FALSE,TRUE,TRUE,"drums_1.ogg, drums_2.ogg, guitar.ogg, rhythm.ogg, song.ogg, vocals.ogg",0 0 0 0 0 0,0 0 0 0,0 0 0 0 0 0,0 0 0 0,matched
Bullet for My Valentine - Scream Aim Fire (2x Bass Pedal Expert+),Scream Aim Fire,Bullet for My Valentine,Scream Aim Fire,2008,Harmonix,5,6,3,5,-1,2,-1,-1,-1,5,2,FALSE,FALSE,TRUE,TRUE,"drums_1.ogg, drums_2.ogg, drums_3.ogg, guitar.ogg, rhythm.ogg, song.ogg, vocals.ogg",0 0 0 0 0 0,0 0 0 0,-2 -2 -2 -2 -2 -2,-2 -2 -2 -2,matched
Bullet for My Valentine - Tears Don't Fall (2x Bass Pedal Expert+),Tears Don't Fall,Bullet for My Valentine,The Poison,2006,Harmonix,5,5,3,6,-1,2,-1,-1,-1,6,2,FALSE,FALSE,TRUE,TRUE,"drums_1.ogg, drums_2.ogg, guitar.ogg, rhythm.ogg, song.ogg, vocals.ogg",0 0 0 0 0 0,0 0 0 0,-4 -2 -2 -2 -2 -2,-4 -2 -2 -2,matched
Bullet for My Valentine - Your Betrayal (2x Bass Pedal Expert+),Your Betrayal,Bullet for My Valentine,Fever,2010,Harmonix,5,5,4,3,-1,3,5,3,-1,3,3,TRUE,FALSE,TRUE,TRUE,"drums_1.ogg, drums_2.ogg, drums_3.ogg, guitar.ogg, rhythm.ogg, song.ogg, vocals.ogg",0 0 0 0 0 0,0 0 0 0,-4 -2 -2 -2 -2 -2,-4 -2 -2 -2,matched
Bush - Comedown,Comedown,Bush,Sixteen Stone,1994,Harmonix,1,2,3,2,1,2,-1,-1,1,2,2,FALSE,TRUE,TRUE,TRUE,"drums_1.ogg, drums_2.ogg, guitar.ogg, keys.ogg, rhythm.ogg, song.ogg, vocals.ogg",0 0 0 0 0 0,0 0 0 0,0 0 0 0 0 0,0 0 0 0,matched
Bush - Everything Zen,Everything Zen,Bush,Sixteen Stone,1994,Harmonix,1,3,2,3,-1,2,-1,-1,-1,3,2,FALSE,FALSE,TRUE,TRUE,"drums_1.ogg, drums_2.ogg, drums_3.ogg, guitar.ogg, rhythm.ogg, song.ogg, vocals.ogg",0 0 0 0 0 0,0 0 0 0,0 0 0 0 0 0,0 0 0 0,matched
Bush - Machinehead,Machinehead,Bush,Sixteen Stone,1994,Harmonix,1,2,3,3,0,2,1,2,0,3,2,TRUE,TRUE,TRUE,TRUE,"drums_1.ogg, drums_2.ogg, guitar.ogg, keys.ogg, rhythm.ogg, song.ogg, vocals.ogg",0 0 0 0 0 0,0 0 0 0,0 0 0 0 0 0,0 0 0 0 0,matched
Caesars - Jerk It Out,Jerk It Out,Caesars,Paper Tigers,2005,Harmonix,1,2,2,3,3,3,1,0,3,3,3,TRUE,TRUE,TRUE,TRUE,"drums_1.ogg, drums_2.ogg, guitar.ogg, keys.ogg, rhythm.ogg, song.ogg, vocals.ogg",0 0 0 0 0 0,0 0 0 0,0 0 0 0 0 0,0 0 0 0,matched
Carly Rae Jepsen - Call Me Maybe,Call Me Maybe,Carly Rae Jepsen,Curiosity,2012,Harmonix,1,3,1,2,2,3,-1,-1,2,2,-1,FALSE,TRUE,TRUE,FALSE,"drums.ogg, guitar.ogg, keys.ogg, rhythm.ogg, song.ogg, vocals.ogg",0 0 0 0 0 0,0 0 0 0,0 0 0 0 0 0,0 0 0 0,matched
Carrie Underwood - Before He Cheats,Before He Cheats,Carrie Underwood,Some Hearts,2005,Harmonix,3,3,3,2,3,4,-1,-1,3,2,4,FALSE,TRUE,TRUE,TRUE,"drums_1.ogg, drums_2.ogg, guitar.ogg, keys.ogg, rhythm.ogg, song.ogg, vocals.ogg",0 0 0 0 0 0,0 0 0 0,0 0 0 0 0 0,0 0 0 0,matched
Carrie Underwood - Cowboy Casanova,Cowboy Casanova,Carrie Underwood,Play On,2009,Harmonix,4,2,2,3,5,5,-1,-1,5,3,5,FALSE,TRUE,TRUE,TRUE,"drums.ogg, guitar.ogg, keys.ogg, rhythm.ogg, song.ogg, vocals.ogg",0 0 0 0 0 0,0 0 0 0,0 0 0 0 0 0,0 0 0 0,matched
Carrie Underwood - Good Girl,Good Girl,Carrie Underwood,Blown Away,2012,Harmonix,3,3,1,3,-1,6,-1,-1,-1,3,6,FALSE,FALSE,TRUE,TRUE,"drums.ogg, guitar.ogg, rhythm.ogg, song.ogg, vocals.ogg",0 0 0 0 0 0,0 0 0 0,0 0 0 0 0 0,0 0 0 0,matched
Cheap Trick - Dream Police,Dream Police,Cheap Trick,Dream Police,1979,Harmonix,4,2,4,4,3,3,-1,-1,3,4,3,FALSE,TRUE,TRUE,TRUE,"drums_1.ogg, drums_2.ogg, drums_3.ogg, guitar.ogg, keys.ogg, rhythm.ogg, song.ogg, vocals.ogg",0 0 0 0 0 0,0 0 0 0,0 0 0 0 0 0,0 0 0 0,matched
Cheap Trick - I Want You To Want Me (Live),I Want You to Want Me (Live),Cheap Trick,Cheap Trick at Budokan,1979,Harmonix,1,4,1,2,-1,2,-1,-1,-1,2,-1,FALSE,FALSE,TRUE,FALSE,"drums_1.ogg, drums_2.ogg, drums_3.ogg, guitar.ogg, rhythm.ogg, song.ogg, vocals.ogg",0 0 0 0 0 0,0 0 0 0,0 0 0 0 0 0,0 0 0 0,matched
Cheap Trick - Surrender (Live),Surrender (Live),Cheap Trick,Cheap Trick at Budokan,1979,Harmonix,1,2,1,4,1,2,1,3,1,4,2,TRUE,TRUE,TRUE,TRUE,"drums_1.ogg, drums_2.ogg, guitar.ogg, keys.ogg, rhythm.ogg, song.ogg, vocals.ogg",0 0 0 0 0 0,0 0 0 0,0 0 0 0 0 0,0 0 0 0,matched
Chely Wright - Single White Female,Single White Female,Chely Wright,Single White Female,1999,Harmonix,1,2,2,2,-1,2,-1,-1,-1,2,2,FALSE,FALSE,TRUE,TRUE,"drums_1.ogg, drums_2.ogg, drums_3.ogg, guitar.ogg, rhythm.ogg, song.ogg, vocals.ogg",0 0 0 0 0 0,0 0 0 0,-1 -1 -1 -1 -1 -1,-1 -1 -1 -1,matched
Chely Wright - Single White Female (RB3 version),Single White Female (RB3 version),Chely Wright,Single White Female,1999,Harmonix,1,2,2,2,4,2,-1,-1,4,2,2,FALSE,TRUE,TRUE,TRUE,"drums_1.ogg, drums_2.ogg, drums_3.ogg, guitar.ogg, keys.ogg, rhythm.ogg, song.ogg, vocals.ogg",0 0 0 0 0 0,0 0 0 0,-1 -1 -1 -1 -1 -1,-1 -1 -1 -1,matched
Chevelle - Face to the Floor,Face to the Floor,Chevelle,Hats Off to the Bull,2011,Harmonix,2,3,3,2,-1,2,-1,-1,-1,2,-1,FALSE,FALSE,TRUE,FALSE,"drums_1.ogg, drums_2.ogg, guitar.ogg, rhythm.ogg, song.ogg, vocals.ogg",0 0 0 0 0 0,0 0 0 0,-4 -2 -2 -2 -2 -2,-4 -2 -2 -2,matched
Chevelle - Send the Pain Below,Send the Pain Below,Chevelle,Wonder What's Next,2002,Harmonix,3,3,2,3,-1,3,-1,-1,-1,3,-1,FALSE,FALSE,TRUE,FALSE,"drums_1.ogg, drums_2.ogg, guitar.ogg, rhythm.ogg, song.ogg, vocals.ogg",0 0 0 0 0 0,0 0 0 0,-5 -3 -3 -3 -3 -3,-5 -3 -3 -3,matched
Chevelle - The Red (2x Bass Pedal Expert+),The Red,Chevelle,Wonder What's Next,2002,Harmonix,1,2,2,2,-1,1,1,1,-1,2,-1,TRUE,FALSE,TRUE,FALSE,"drums_1.ogg, drums_2.ogg, drums_3.ogg, guitar.ogg, rhythm.ogg, song.ogg, vocals.ogg",0 0 0 0 0 0,0 0 0 0,-3 -3 -3 -3 -3 -3,-3 -3 -3 -3,matched
Chicago - 25 or 6 to 4,25 or 6 to 4,Chicago,Chicago II,1970,Harmonix,6,6,5,6,5,4,6,5,4,6,4,TRUE,TRUE,TRUE,TRUE,"drums.ogg, guitar.ogg, keys.ogg, rhythm.ogg, song.ogg, vocals.ogg",0 0 0 0 0 0,0 0 0 0,0 0 0 0 0 0,0 0 0 0,matched
Chicago - Feelin' Stronger Every Day,Feelin' Stronger Every Day,Chicago,Chicago VI,1973,Harmonix,5,3,3,5,3,5,-1,-1,3,5,5,FALSE,TRUE,TRUE,TRUE,"drums_1.ogg, drums_2.ogg, guitar.ogg, keys.ogg, rhythm.ogg, song.ogg, vocals.ogg",0 0 0 0 0 0,0 0 0 0,0 0 0 0 0 0,0 0 0 0,matched
Chicago - If You Leave Me Now,If You Leave Me Now,Chicago,Chicago X,1976,Harmonix,2,3,3,1,2,4,-1,-1,2,1,4,FALSE,TRUE,TRUE,TRUE,"drums_1.ogg, drums_2.ogg, guitar.ogg, keys.ogg, rhythm.ogg, song.ogg, vocals.ogg",0 0 0 0 0 0,0 0 0 0,0 0 0 0 0 0,0 0 0 0,matched
Chicago - Make Me Smile,Make Me Smile,Chicago,Chicago II,1970,Harmonix,5,5,5,4,3,4,6,5,4,4,4,TRUE,TRUE,TRUE,TRUE,"drums.ogg, guitar.ogg, keys.ogg, rhythm.ogg, song.ogg, vocals.ogg",0 0 0 0 0 0,0 0 0 0,0 0 0 0 0 0,0 0 0 0,matched
Chumbawamba - Tubthumping,Tubthumping,Chumbawamba,Tubthumper,1997,Harmonix,3,1,0,4,1,2,-1,-1,1,4,2,FALSE,TRUE,TRUE,TRUE,"drums.ogg, guitar.ogg, keys.ogg, rhythm.ogg, song.ogg, vocals.ogg",0 0 0 0 0 0,0 0 0 0,0 0 0 0 0 0,0 0 0 0 0,matched
Cinderella - Don't Know What You Got (Till It's Gone),Don't Know What You Got (Till It's Gone),Cinderella,Long Cold Winter,1988,Harmonix,2,2,2,1,3,2,3,1,2,1,2,TRUE,TRUE,TRUE,TRUE,"drums_1.ogg, drums_2.ogg, drums_3.ogg, guitar.ogg, keys.ogg, rhythm.ogg, song.ogg, vocals.ogg",0 0 0 0 0 0,0 0 0 0,0 0 0 0 0 0,0 0 0 0,matched
Cinderella - Nobody's Fool,Nobody's Fool,Cinderella,Night Songs,1986,Harmonix,2,3,1,2,2,4,-1,-1,2,2,4,FALSE,TRUE,TRUE,TRUE,"drums_1.ogg, drums_2.ogg, drums_3.ogg, guitar.ogg, keys.ogg, rhythm.ogg, song.ogg, vocals.ogg",0 0 0 0 0 0,0 0 0 0,0 0 0 0 0 0,0 0 0 0,matched
Cinderella - Shelter me,Shelter Me,Cinderella,Heartbreak Station,1990,Harmonix,3,3,2,2,4,5,-1,-1,5,2,5,FALSE,TRUE,TRUE,TRUE,"drums_1.ogg, drums_2.ogg, drums_3.ogg, guitar.ogg, keys.ogg, rhythm.ogg, song.ogg, vocals.ogg",0 0 0 0 0 0,0 0 0 0,-2 -2 0 0 0 -2,0 0 0 0,matched
Cobra Starship (ft. Sabi) - You Make Me Feel,You Make Me Feel...,Cobra Starship (ft. Sabi),Night Shades,2011,Harmonix,1,3,0,2,1,4,-1,-1,1,2,4,FALSE,TRUE,TRUE,TRUE,"drums_1.ogg, drums_2.ogg, drums_3.ogg, guitar.ogg, keys.ogg, rhythm.ogg, song.ogg, vocals.ogg",0 0 0 0 0 0,0 0 0 0,0 0 0 0 0 0,0 0 0 0,matched
Coldplay - Clocks,Clocks,Coldplay,A Rush of Blood to the Head,2002,Harmonix,1,2,1,2,3,3,1,0,3,2,3,TRUE,TRUE,TRUE,TRUE,"drums_1.ogg, drums_2.ogg, drums_3.ogg, guitar.ogg, keys.ogg, rhythm.ogg, song.ogg, vocals.ogg",0 0 0 0 0 0,0 0 0 0,0 0 0 0 0 0,0 0 0 0,matched
Coldplay - Every Teardrop is a Waterfall,Every Teardrop is a Waterfall,Coldplay,Mylo Xyloto,2011,Harmonix,3,4,1,4,2,3,-1,-1,2,4,3,FALSE,TRUE,TRUE,TRUE,"drums.ogg, guitar.ogg, keys.ogg, rhythm.ogg, song.ogg, vocals.ogg",0 0 0 0 0 0,0 0 0 0,0 0 0 0 0 0,0 0 0 0,matched
Coldplay - Fix You,Fix You,Coldplay,X&Y,2005,Harmonix,1,2,1,2,2,3,-1,-1,2,2,3,FALSE,TRUE,TRUE,TRUE,"drums_1.ogg, drums_2.ogg, drums_3.ogg, guitar.ogg, keys.ogg, rhythm.ogg, song.ogg, vocals.ogg",0 0 0 0 0 0,0 0 0 0,0 0 0 0 0 -1,12 12 12 12,matched
Coldplay - The Scientist,The Scientist,Coldplay,A Rush of Blood to the Head,2002,Harmonix,0,0,1,0,0,2,-1,-1,2,0,2,FALSE,TRUE,TRUE,TRUE,"drums_1.ogg, drums_2.ogg, guitar.ogg, keys.ogg, rhythm.ogg, song.ogg, vocals.ogg",0 0 0 0 0 0,0 0 0 0,0 0 0 0 1 1,0 0 0 0,matched
Coldplay - Viva la Vida,Viva la Vida,Coldplay,Viva la Vida or Death and All His Friends,2008,Harmonix,1,2,0,0,3,3,-1,-1,3,0,3,FALSE,TRUE,TRUE,TRUE,"drums_1.ogg, drums_2.ogg, guitar.ogg, keys.ogg, rhythm.ogg, song.ogg, vocals.ogg",0 0 0 0 0 0,0 0 0 0,0 0 0 0 0 0,-1 -1 -1 -1,matched
Coldplay - Yellow,Yellow,Coldplay,Parachutes,2000,Harmonix,1,1,1,0,1,3,1,0,1,0,3,TRUE,TRUE,TRUE,TRUE,"drums_1.ogg, drums_2.ogg, guitar.ogg, keys.ogg, rhythm.ogg, song.ogg, vocals.ogg",0 0 0 0 0 -1,0 0 0 0,0 0 0 0 0 0,0 0 0 0,matched
Cracker - Teen Angst (What the World Needs Now),Teen Angst (What the World Needs Now),Cracker,Cracker,1992,Harmonix,1,2,2,2,-1,3,1,2,-1,2,3,TRUE,FALSE,TRUE,TRUE,"drums_1.ogg, drums_2.ogg, guitar.ogg, rhythm.ogg, song.ogg, vocals.ogg",0 0 0 0 0 0,0 0 0 0,0 0 0 0 0 0,0 0 0 0,matched
Creedence Clearwater Revival - Have You Ever Seen the Rain,Have You Ever Seen the Rain?,Creedence Clearwater Revival,Pendulum,1970,Harmonix,0,0,1,0,1,2,0,0,1,0,-1,TRUE,TRUE,TRUE,FALSE,"drums_1.ogg, drums_2.ogg, guitar.ogg, keys.ogg, rhythm.ogg, song.ogg, vocals.ogg",0 0 0 0 0 0,0 0 0 0,0 0 0 0 0 0,0 0 0 0,matched
Creedence Clearwater Revival - Lodi,Lodi,Creedence Clearwater Revival,Green River,1969,Harmonix,1,2,0,1,-1,3,-1,-1,-1,1,-1,FALSE,FALSE,TRUE,FALSE,"drums.ogg, guitar.ogg, rhythm.ogg, song.ogg, vocals.ogg",0 0 0 0 0 0,0 0 0 0,0 0 0 0 0 0,0 0 0 0,matched
Creedence Clearwater Revival - Susie Q,Susie Q,Creedence Clearwater Revival,"Chronicle, Vol. 1",1968,Harmonix,1,2,1,0,-1,3,-1,-1,-1,0,3,FALSE,FALSE,TRUE,TRUE,"drums.ogg, guitar.ogg, rhythm.ogg, song.ogg, vocals.ogg",0 0 0 0 0 0,0 0 0 0,0 0 0 0 0 0,Unknown,matched
Crossfade - Cold,Cold,Crossfade,Crossfade,2004,Harmonix,1,3,1,2,-1,4,-1,-1,-1,2,4,FALSE,FALSE,TRUE,TRUE,"drums_1.ogg, drums_2.ogg, drums_3.ogg, guitar.ogg, rhythm.ogg, song.ogg, vocals.ogg",0 0 0 0 0 0,0 0 0 0,0 -2 0 0 0 0 0,0 -2 0 0 0,matched
Culture Club - Do You Really Want to Hurt Me,Do You Really Want to Hurt Me,Culture Club,Kissing to Be Clever,1982,Harmonix,1,1,2,3,2,2,-1,-1,3,3,2,FALSE,TRUE,TRUE,TRUE,"drums_1.ogg, drums_2.ogg, guitar.ogg, keys.ogg, rhythm.ogg, song.ogg, vocals.ogg",0 0 0 0 0 0,0 0 0 0,0 0 0 0 0 0,0 0 0 0,matched
Cutting Crew - (I Just) Died in Your Arms,(I Just) Died in Your Arms,Cutting Crew,Broadcast,1986,Harmonix,3,2,1,2,3,4,3,1,3,2,4,TRUE,TRUE,TRUE,TRUE,"drums_1.ogg, drums_2.ogg, drums_3.ogg, guitar.ogg, keys.ogg, rhythm.ogg, song.ogg, vocals.ogg",0 0 0 0 0 0,0 0 0 0,0 0 0 0 0 0,0 0 0 0,matched
Darius Rucker - Alright,Alright,Darius Rucker,Learn to Live,2008,Harmonix,1,1,2,4,-1,2,-1,-1,-1,4,2,FALSE,FALSE,TRUE,TRUE,"drums_1.ogg, drums_2.ogg, drums_3.ogg, guitar.ogg, rhythm.ogg, song.ogg, vocals.ogg",0 0 0 0 0 0,0 0 0 0,0 0 0 0 0 0,0 0 0 0,matched
Darius Rucker - Alright (RB3 version),Alright (RB3 version),Darius Rucker,Learn to Live,2008,Harmonix,1,1,2,4,4,2,-1,-1,4,4,2,FALSE,TRUE,TRUE,TRUE,"drums_1.ogg, drums_2.ogg, drums_3.ogg, guitar.ogg, keys.ogg, rhythm.ogg, song.ogg, vocals.ogg",0 0 0 0 0 0,0 0 0 0,0 0 0 0 0 0,0 0 0 0,matched
Darryl Worley - Awful Beautiful Life,Awful Beautiful Life,Darryl Worley,Darryl Worley,2004,Harmonix,5,4,1,4,-1,3,-1,-1,-1,4,3,FALSE,FALSE,TRUE,TRUE,"drums_1.ogg, drums_2.ogg, drums_3.ogg, guitar.ogg, rhythm.ogg, song.ogg, vocals.ogg",0 0 0 0 0 0,0 0 0 0,0 0 0 0 0 0,0 0 0 0,matched
Darryl Worley - Awful Beautiful Life (RB3 version),Awful Beautiful Life (RB3 version),Darryl Worley,Darryl Worley,2004,Harmonix,5,4,1,4,4,3,-1,-1,6,4,3,FALSE,TRUE,TRUE,TRUE,"drums_1.ogg, drums_2.ogg, drums_3.ogg, guitar.ogg, keys.ogg, rhythm.ogg, song.ogg, vocals.ogg",0 0 0 0 0 0,0 0 0 0,0 0 0 0 0 0,0 0 0 0,matched
Daughtry - Crawling Back to You,Crawling Back to You,Daughtry,Break the Spell,2011,Harmonix,1,2,2,2,2,3,-1,-1,2,2,-1,FALSE,TRUE,TRUE,FALSE,"drums_1.ogg, drums_2.ogg, guitar.ogg, keys.ogg, rhythm.ogg, song.ogg, vocals.ogg",0 0 0 0 0 0,0 0 0 0,0 0 0 0 0 0,0 0 0 0,matched
Daughtry - It's Not Over,It's Not Over,Daughtry,Daughtry,2006,Harmonix,1,2,2,2,-1,3,-1,2,-1,3,-1,FALSE,FALSE,TRUE,FALSE,"drums_1.ogg, drums_2.ogg, guitar.ogg, rhythm.ogg, song.ogg, vocals.ogg",0 0 0 0 0 0,0 0 0 0,-1 -1 -1 -1 -1 -1,-1 -1 -1 -1,matched
Daughtry - No Surprise,No Surprise,Daughtry,Leave This Town,2009,Harmonix,1,1,1,2,3,3,1,1,3,2,-1,TRUE,TRUE,TRUE,FALSE,"drums_1.ogg, drums_2.ogg, drums_3.ogg, guitar.ogg, keys.ogg, rhythm.ogg, song.ogg, vocals.ogg",0 0 0 0 0 0,0 0 0 0,-1 -1 -1 -1 -1 -1,4 4 4 4,matched
Dave Matthews Band - Ants Marching,Ants Marching,Dave Matthews Band,Under the Table and Dreaming,1994,Harmonix,5,3,3,4,3,6,3,3,4,4,-1,TRUE,TRUE,TRUE,FALSE,"drums_1.ogg, drums_2.ogg, guitar.ogg, keys.ogg, rhythm.ogg, song.ogg, vocals.ogg",0 0 0 0 0 0,0 0 0 0,0 0 0 0 0 0,0 0 0 0,matched
Dave Matthews Band - Mercy,Mercy,Dave Matthews Band,Away from the World,2012,Harmonix,2,4,1,3,2,4,-1,-1,2,3,4,FALSE,TRUE,TRUE,TRUE,"drums_1.ogg, drums_2.ogg, guitar.ogg, keys.ogg, rhythm.ogg, song.ogg, vocals.ogg",0 0 0 0 0 0,0 0 0 0,0 0 0 0 0 0,0 0 0 0,matched
Dave Matthews Band - So Much to Say,So Much to Say,Dave Matthews Band,Crash,1996,Harmonix,5,4,4,4,2,5,-1,-1,4,4,5,FALSE,TRUE,TRUE,TRUE,"drums_1.ogg, drums_2.ogg, drums_3.ogg, guitar.ogg, keys.ogg, rhythm.ogg, song.ogg, vocals.ogg",0 0 0 0 0 0,0 0 0 0,0 0 0 0 0 0,0 0 0 0 0,matched
David Bowie - Blue Jean,Blue Jean,David Bowie,Tonight,1984,Harmonix,1,3,2,3,1,2,-1,-1,1,3,2,FALSE,TRUE,TRUE,TRUE,"drums_1.ogg, drums_2.ogg, guitar.ogg, keys.ogg, rhythm.ogg, song.ogg, vocals.ogg",0 0 0 0 0 0,0 0 0 0,0 0 0 0 0 0,0 0 0 0 0,matched
David Bowie - Fame,Fame,David Bowie,Young Americans,1975,Harmonix,1,3,1,3,-1,2,-1,-1,-1,3,2,FALSE,FALSE,TRUE,TRUE,"drums_1.ogg, drums_2.ogg, guitar.ogg, rhythm.ogg, song.ogg, vocals.ogg",0 0 0 0 0 0,0 0 0 0,0 0 0 0 0 0,0 0 0 0,matched
David Bowie - Modern Love,Modern Love,David Bowie,Let's Dance,1983,Harmonix,5,2,3,4,5,3,0,5,5,4,3,TRUE,TRUE,TRUE,TRUE,"drums_1.ogg, drums_2.ogg, drums_3.ogg, guitar.ogg, keys.ogg, rhythm.ogg, song.ogg, vocals.ogg",0 0 0 0 0 0,0 0 0 0,0 0 0 0 0 0,0 0 0 0 0,matched
David Bowie - Space Oddity,Space Oddity,David Bowie,Space Oddity,1969,Harmonix,0,1,2,1,3,1,1,6,3,1,1,TRUE,TRUE,TRUE,TRUE,"drums.ogg, guitar.ogg, keys.ogg, rhythm.ogg, song.ogg, vocals.ogg",0 0 0 0 0 0,0 0 0 0,12 12 12 12 0 0,0 0 0 0,matched
David Bowie - Young Americans,Young Americans,David Bowie,Young Americans,1975,Harmonix,5,4,3,4,3,4,-1,-1,3,4,4,FALSE,TRUE,TRUE,TRUE,"drums_1.ogg, drums_2.ogg, guitar.ogg, keys.ogg, rhythm.ogg, song.ogg, vocals.ogg",0 0 0 0 0 0,0 0 0 0,0 0 0 0 0 0,0 0 0 0,matched
David Bowie - Ziggy Stardust,Ziggy Stardust,David Bowie,The Rise and Fall of Ziggy Stardust and the Spiders from Mars,1972,Harmonix,3,3,2,4,-1,3,3,3,-1,4,-1,TRUE,FALSE,TRUE,FALSE,"drums.ogg, guitar.ogg, rhythm.ogg, song.ogg, vocals.ogg",0 0 0 0 0 0,0 0 0 0,0 0 0 0 0 0,0 0 0 0,matched
Death Cab for Cutie - I Will Possess Your Heart,I Will Possess Your Heart,Death Cab for Cutie,Narrow Stairs,2008,Harmonix,2,3,1,3,2,2,-1,-1,2,3,-1,FALSE,TRUE,TRUE,FALSE,"drums_1.ogg, drums_2.ogg, drums_3.ogg, guitar.ogg, keys.ogg, rhythm.ogg, song.ogg, vocals.ogg",0 0 0 0 0 0,0 0 0 0,Unknown,0 0 0 0,matched
Deep Purple - Child in Time,Child in Time,Deep Purple,Deep Purple in Rock,1970,Harmonix,6,6,4,6,6,3,-1,-1,6,6,-1,FALSE,TRUE,TRUE,FALSE,"drums.ogg, guitar.ogg, keys.ogg, rhythm.ogg, song.ogg, vocals.ogg",0 0 0 0 0 0,0 0 0 0,0 0 0 0 0 0,0 0 0 0,matched
Deep Purple - Smoke on the Water,Smoke on the Water,Deep Purple,Machine Head,1972,Harmonix,6,0,0,6,5,1,4,6,5,6,1,TRUE,TRUE,TRUE,TRUE,"drums_1.ogg, drums_2.ogg, drums_3.ogg, guitar.ogg, keys.ogg, rhythm.ogg, song.ogg, vocals.ogg",0 0 0 0 0 0,0 0 0 0,0 0 0 0 0 0,0 0 0 0,matched
Def Leppard - Animal (Live),Animal (Live),Def Leppard,Mirror Ball: Live & More,2011,Harmonix,2,2,2,4,-1,3,2,1,-1,4,3,TRUE,FALSE,TRUE,TRUE,"drums_1.ogg, drums_2.ogg, drums_3.ogg, guitar.ogg, rhythm.ogg, song.ogg, vocals.ogg",0 0 0 0 0 0,0 0 0 0,0 0 0 0 0 0,0 0 0 0,matched
Def Leppard - Bringin' on the Heartbreak,Bringin' on the Heartbreak,Def Leppard,High 'n' Dry,1981,Harmonix,1,2,1,3,2,3,3,1,2,3,3,TRUE,TRUE,TRUE,TRUE,"drums_1.ogg, drums_2.ogg, drums_3.ogg, guitar.ogg, keys.ogg, rhythm.ogg, song.ogg, vocals.ogg",0 0 0 0 0 0,0 0 0 0,0 0 0 0 0 0,0 0 0 0,matched
Def Leppard - Foolin',Foolin',Def Leppard,Pyromania,1983,Harmonix,2,4,4,2,2,6,4,2,2,2,6,TRUE,TRUE,TRUE,TRUE,"drums_1.ogg, drums_2.ogg, drums_3.ogg, guitar.ogg, keys.ogg, rhythm.ogg, song.ogg, vocals.ogg",0 0 0 0 0 0,0 0 0 0,0 0 0 0 0 0,0 0 0 0,matched
Def Leppard - Photograph,Photograph,Def Leppard,Pyromania,1983,Harmonix,3,3,2,4,3,4,3,1,3,3,4,TRUE,TRUE,TRUE,TRUE,"drums_1.ogg, drums_2.ogg, drums_3.ogg, guitar.ogg, keys.ogg, rhythm.ogg, song.ogg, vocals.ogg",0 0 0 0 0 0,0 0 0 0,-1 -1 -1 -1 -1 -1,-1 -1 -1 -1,matched
Def Leppard - Pour Some Sugar on Me (Live),Pour Some Sugar on Me (Live),Def Leppard,Mirror Ball: Live & More,2011,Harmonix,2,4,0,3,-1,3,3,0,-1,3,3,TRUE,FALSE,TRUE,TRUE,"drums_1.ogg, drums_2.ogg, drums_3.ogg, guitar.ogg, rhythm.ogg, song.ogg, vocals.ogg",0 0 0 0 0 0,0 0 0 0,0 0 0 0 0 0,0 0 0 0 0,matched
Def Leppard - Rock of Ages,Rock of Ages,Def Leppard,Pyromania,1983,Harmonix,2,3,2,3,1,4,2,0,1,3,4,TRUE,TRUE,TRUE,TRUE,"drums_1.ogg, drums_2.ogg, drums_3.ogg, guitar.ogg, keys.ogg, rhythm.ogg, song.ogg, vocals.ogg",0 0 0 0 0 0,0 0 0 0,0 0 0 0 0 0,0 0 0 0,matched
Def Leppard - Undefeated,Undefeated,Def Leppard,Mirror Ball: Live & More,2011,Harmonix,1,3,1,2,2,2,3,1,2,2,2,TRUE,TRUE,TRUE,TRUE,"drums_1.ogg, drums_2.ogg, drums_3.ogg, guitar.ogg, keys.ogg, rhythm.ogg, song.ogg, vocals.ogg",-2 0 0 0 0 0,-2 0 0 0,-3 -1 -1 -1 -1 -1,Unknown,matched
Deftones - My Own Summer (Shove It),My Own Summer (Shove It),Deftones,Around the Fur,1997,Harmonix,2,3,4,3,-1,2,4,4,-1,3,2,TRUE,FALSE,TRUE,TRUE,"drums_1.ogg, drums_2.ogg, drums_3.ogg, guitar.ogg, rhythm.ogg, song.ogg, vocals.ogg",0 0 0 0 0 0,0 0 0 0,-3 -1 -1 -1 -1 -1,-3 -1 -1 -1,matched
Depeche Mode - Never Let Me Down Again,Never Let Me Down Again,Depeche Mode,Music for the Masses,1987,Harmonix,1,1,0,3,1,2,-1,-1,2,3,2,FALSE,TRUE,TRUE,TRUE,"drums_1.ogg, drums_2.ogg, drums_3.ogg, guitar.ogg, keys.ogg, rhythm.ogg, song.ogg, vocals.ogg",0 0 0 0 0 0,0 0 0 0,0 0 0 0 0 0,-1 0 0 0,matched
Depeche Mode - Personal Jesus,Personal Jesus,Depeche Mode,Violator,1989,Harmonix,2,2,2,3,4,2,0,1,4,3,2,TRUE,TRUE,TRUE,TRUE,"drums_1.ogg, drums_2.ogg, drums_3.ogg, guitar.ogg, keys.ogg, rhythm.ogg, song.ogg, vocals.ogg",0 0 0 0 0 0,0 0 0 0,0 0 0 0 0 0,0 0 0 0 0,matched
Depeche Mode - Policy of Truth,Policy of Truth,Depeche Mode,Violator,1989,Harmonix,1,2,1,2,2,1,-1,-1,2,2,1,FALSE,TRUE,TRUE,TRUE,"drums_1.ogg, drums_2.ogg, guitar.ogg, keys.ogg, rhythm.ogg, song.ogg, vocals.ogg",0 0 0 0 0 0,0 0 0 0,0 0 0 0 0 0,0 0 0 0 0,matched
Devo - Whip It,Whip It,Devo,Freedom of Choice,1980,Harmonix,2,2,3,3,0,0,1,1,0,3,0,TRUE,TRUE,TRUE,TRUE,"drums_1.ogg, drums_2.ogg, drums_3.ogg, guitar.ogg, keys.ogg, rhythm.ogg, song.ogg, vocals.ogg",0 0 0 0 0 0,0 0 0 0,0 0 0 0 0 0,0 0 0 0,matched
Dierks Bentley - Sideways,Sideways,Dierks Bentley,Feel that Fire,2009,Harmonix,2,3,2,2,-1,3,-1,-1,-1,2,3,FALSE,FALSE,TRUE,TRUE,"drums_1.ogg, drums_2.ogg, drums_3.ogg, guitar.ogg, rhythm.ogg, song.ogg, vocals.ogg",0 0 0 0 0 0,0 0 0 0,0 0 0 0 0 0,0 0 0 0,matched
Dierks Bentley - Sideways (RB3 version),Sideways (RB3 version),Dierks Bentley,Feel that Fire,2009,Harmonix,2,3,2,2,-1,3,-1,-1,-1,2,3,FALSE,FALSE,TRUE,TRUE,"drums_1.ogg, drums_2.ogg, drums_3.ogg, guitar.ogg, rhythm.ogg, song.ogg, vocals.ogg",0 0 0 0 0 0,0 0 0 0,0 0 0 0 0 0,0 0 0 0,matched
Dio - Rainbow in the Dark,Rainbow in the Dark,Dio,Holy Diver,1983,Harmonix,6,6,4,2,1,2,6,3,0,2,2,TRUE,TRUE,TRUE,TRUE,"drums_1.ogg, drums_2.ogg, guitar.ogg, keys.ogg, rhythm.ogg, song.ogg, vocals.ogg",0 0 0 0 0 0,0 0 0 0,0 0 0 0 0 0,0 0 0 0,matched
Dire Straits - Walk of Life,Walk of Life,Dire Straits,Brothers in Arms,1985,Harmonix,2,6,5,0,5,3,3,4,2,0,3,TRUE,TRUE,TRUE,TRUE,"drums_1.ogg, drums_2.ogg, drums_3.ogg, guitar.ogg, keys.ogg, rhythm.ogg, song.ogg, vocals.ogg",0 0 0 0 0 0,0 0 0 0,0 0 0 0 0 0,0 0 0 0,matched
Don McLean - American Pie,American Pie,Don McLean,American Pie,1971,Harmonix,5,4,4,3,5,4,-1,-1,6,3,4,FALSE,TRUE,TRUE,TRUE,"drums_1.ogg, drums_2.ogg, guitar.ogg, keys.ogg, rhythm.ogg, song.ogg, vocals.ogg",0 0 0 0 0 0,0 0 0 0,0 0 0 0 0 0,0 0 0 0,matched
Dover - King George,King George,Dover,I Was Dead for 7 Weeks in the City of Angels,2001,Harmonix,2,4,3,4,-1,3,3,3,-1,4,3,TRUE,FALSE,TRUE,TRUE,"drums.ogg, guitar.ogg, rhythm.ogg, song.ogg, vocals.ogg",0 0 0 0 0 0,0 0 0 0,0 0 0 0 0 0,0 0 0 0,matched
DragonForce - Cry Thunder (2x Bass Pedal Expert+),Cry Thunder,DragonForce,The Power Within,2012,Harmonix,6,6,3,5,4,4,-1,-1,4,5,4,FALSE,TRUE,TRUE,TRUE,"drums_1.ogg, drums_2.ogg, guitar.ogg, keys.ogg, rhythm.ogg, song.ogg, vocals.ogg",0 0 0 0 0 0,0 0 0 0,0 0 0 0 0 0,0 0 0 0 0,matched
DragonForce - Operation Ground and Pound (2x Bass Pedal Expert+),Operation Ground and Pound,Dragonforce,Inhuman Rampage,2006,Harmonix,6,6,5,6,4,5,-1,-1,6,6,5,FALSE,TRUE,TRUE,TRUE,"drums_1.ogg, drums_2.ogg, drums_3.ogg, guitar.ogg, keys.ogg, rhythm.ogg, song.ogg, vocals.ogg",0 0 0 0 0 0,0 0 0 0,0 0 0 0 0 0,0 0 0 0 0,matched
DragonForce - Through the Fire and Flames (2x Bass Pedal Expert+),Through the Fire and Flames,Dragonforce,Inhuman Rampage,2006,Harmonix,6,6,5,6,6,4,6,6,6,6,5,TRUE,TRUE,TRUE,TRUE,"drums_1.ogg, drums_2.ogg, drums_3.ogg, guitar.ogg, keys.ogg, rhythm.ogg, song.ogg, vocals.ogg",0 0 0 0 0 0,0 0 0 0,0 0 0 0 0 0,0 0 0 0,matched
Dream Theater - On the Backs of Angels (2x Bass Pedal Expert+),On the Backs of Angels,Dream Theater,A Dramatic Turn of Events,2011,Harmonix,6,6,6,6,6,2,6,6,6,6,2,TRUE,TRUE,TRUE,TRUE,"drums_1.ogg, drums_2.ogg, drums_3.ogg, guitar.ogg, keys.ogg, rhythm.ogg, song.ogg, vocals.ogg",0 0 0 0 0 0,0 0 0 0,0 0 0 0 0 0,0 0 0 0 0,matched
Dwight Yoakam - Intentional Heartache,Intentional Heartache,Dwight Yoakam,Blame the Vain,2005,Harmonix,3,4,1,3,-1,2,-1,-1,-1,3,2,FALSE,FALSE,TRUE,TRUE,"drums_1.ogg, drums_2.ogg, drums_3.ogg, guitar.ogg, rhythm.ogg, song.ogg, vocals.ogg",0 0 0 0 0 0,0 0 0 0,Unknown,Unknown,matched_no_guitar_or_bass_track
Dwight Yoakam - Intentional Heartache (RB3 version),Intentional Heartache (RB3 version),Dwight Yoakam,Blame the Vain,2005,Harmonix,3,4,1,3,5,2,-1,-1,4,3,2,FALSE,TRUE,TRUE,TRUE,"drums_1.ogg, drums_2.ogg, drums_3.ogg, guitar.ogg, keys.ogg, rhythm.ogg, song.ogg, vocals.ogg",0 0 0 0 0 0,0 0 0 0,Unknown,Unknown,matched_no_guitar_or_bass_track
Echo & The Bunnymen - The Killing Moon,The Killing Moon,Echo & The Bunnymen,Ocean Rain,1984,Harmonix,3,4,3,5,2,3,3,0,2,5,-1,TRUE,TRUE,TRUE,FALSE,"drums_1.ogg, drums_2.ogg, guitar.ogg, keys.ogg, rhythm.ogg, song.ogg, vocals.ogg",0 0 0 0 0 0,0 0 0 0,0 0 0 0 0 0,0 0 0 0,matched
Eddie Money - Two Tickets to Paradise,Two Tickets to Paradise,Eddie Money,Eddie Money,1977,Harmonix,3,4,3,3,4,2,3,3,4,3,2,TRUE,TRUE,TRUE,TRUE,"drums_1.ogg, drums_2.ogg, guitar.ogg, keys.ogg, rhythm.ogg, song.ogg, vocals.ogg",0 0 0 0 0 0,0 0 0 0,0 0 0 0 0 0,0 0 0 0,matched
Elton John - Don't Let the Sun Go Down on Me,Don't Let the Sun Go Down on Me,Elton John,Caribou,1974,Harmonix,3,2,2,1,3,4,-1,-1,3,1,-1,FALSE,TRUE,TRUE,FALSE,"drums_1.ogg, drums_2.ogg, guitar.ogg, keys.ogg, rhythm.ogg, song.ogg, vocals.ogg",0 0 0 0 0 0,0 0 0 0,0 0 0 0 0 0,Unknown,matched
Elton John - I'm Still Standing,I'm Still Standing,Elton John,Too Low for Zero,1983,Harmonix,4,3,3,2,5,5,-1,-1,5,2,5,FALSE,TRUE,TRUE,TRUE,"drums_1.ogg, drums_2.ogg, guitar.ogg, keys.ogg, rhythm.ogg, song.ogg, vocals.ogg",0 0 0 0 0 0,0 0 0 0,0 0 0 0 0 0,0 0 0 0,matched
Elton John - Saturday Night's Alright for Fighting,Saturday Night's Alright for Fighting,Elton John,Goodbye Yellow Brick Road,1973,Harmonix,5,5,5,2,6,2,5,5,6,2,-1,TRUE,TRUE,TRUE,FALSE,"drums_1.ogg, drums_2.ogg, drums_3.ogg, guitar.ogg, keys.ogg, rhythm.ogg, song.ogg, vocals.ogg",0 0 0 0 0 0,0 0 0 0,0 0 0 0 0 0,0 0 0 0,matched
Elton John - The Bitch is Back,The Bitch is Back,Elton John,Caribou,1974,Harmonix,4,4,3,3,3,4,-1,-1,4,3,-1,FALSE,TRUE,TRUE,FALSE,"drums_1.ogg, drums_2.ogg, guitar.ogg, keys.ogg, rhythm.ogg, song.ogg, vocals.ogg",0 0 0 0 0 0,0 0 0 0,0 0 0 0 0 0,0 0 0 0,matched
EMF - Unbelievable,Unbelievable,EMF,Schubert Dip,2009,Harmonix,3,3,1,4,4,3,2,1,4,4,3,TRUE,TRUE,TRUE,TRUE,"drums_1.ogg, drums_2.ogg, drums_3.ogg, guitar.ogg, keys.ogg, rhythm.ogg, song.ogg, vocals.ogg",0 0 0 0 0 0,0 0 0 0,0 0 0 0 0 0,-1 -1 -1 -1,matched
Erasure - A Little Respect,A Little Respect,Erasure,The Innocents,1988,Harmonix,2,2,1,3,3,4,-1,-1,3,3,4,FALSE,TRUE,TRUE,TRUE,"drums_1.ogg, drums_2.ogg, guitar.ogg, keys.ogg, rhythm.ogg, song.ogg, vocals.ogg",0 0 0 0 0 0,0 0 0 0,0 0 0 0 0 0,0 0 0 0,matched
Evanescence - Everybody's Fool,Everybody's Fool,Evanescence,Fallen,2003,Harmonix,2,3,2,2,2,4,2,2,2,2,4,TRUE,TRUE,TRUE,TRUE,"drums_1.ogg, drums_2.ogg, drums_3.ogg, guitar.ogg, keys.ogg, rhythm.ogg, song.ogg, vocals.ogg",0 0 0 0 0 0,0 0 0 0,-2 0 0 0 0 0,-2 0 0 0,matched
Evanescence - Lithium,Lithium,Evanescence,The Open Door,2006,Harmonix,1,2,0,1,4,3,-1,-1,4,1,3,FALSE,TRUE,TRUE,TRUE,"drums_1.ogg, drums_2.ogg, guitar.ogg, keys.ogg, rhythm.ogg, song.ogg, vocals.ogg",0 0 0 0 0 0,0 0 0 0,-1 -1 -1 -1 -1 -1,-1 -1 -1 -1,matched
Evanescence - What You Want,What You Want,Evanescence,Evanescence,2011,Harmonix,4,2,3,4,4,5,-1,-1,4,4,5,FALSE,TRUE,TRUE,TRUE,"drums_1.ogg, drums_2.ogg, guitar.ogg, keys.ogg, rhythm.ogg, song.ogg, vocals.ogg",0 0 0 0 0 0,0 0 0 0,-5 -3 -3 -3 -3 -3,0 0 0 0 0,matched
Everclear - Santa Monica,Santa Monica,Everclear,Sparkle and Fade,1995,Harmonix,1,3,1,3,-1,3,2,1,-1,3,3,TRUE,FALSE,TRUE,TRUE,"drums_1.ogg, drums_2.ogg, drums_3.ogg, guitar.ogg, rhythm.ogg, song.ogg, vocals.ogg",0 0 0 0 0 0,0 0 0 0,0 0 0 0 0 0,0 0 0 0,matched
Extreme - More Than Words,More Than Words,Extreme,Extreme II. Pornograffitti (A Funked Up Fairy Tale),1990,Harmonix,5,5,-1,-1,-1,4,5,-1,-1,-1,4,TRUE,FALSE,FALSE,TRUE,"guitar.ogg, song.ogg, vocals.ogg",0 0 0 0 0 0,0 0 0 0,-1 -1 -1 -1 -1 -1,Unknown,matched
Faith No More - From Out of Nowhere,From Out of Nowhere,Faith No More,The Real Thing,1989,Harmonix,3,3,4,4,2,2,-1,-1,2,4,2,FALSE,TRUE,TRUE,TRUE,"drums_1.ogg, drums_2.ogg, drums_3.ogg, guitar.ogg, keys.ogg, rhythm.ogg, song.ogg, vocals.ogg",0 0 0 0 0 0,0 0 0 0,0 0 0 0 0 0,0 0 0 0,matched
Faith No More - MidLife Crisis,MidLife Crisis,Faith No More,Angel Dust,1992,Harmonix,1,1,1,3,1,4,0,1,3,3,4,TRUE,TRUE,TRUE,TRUE,"drums_1.ogg, drums_2.ogg, drums_3.ogg, guitar.ogg, keys.ogg, rhythm.ogg, song.ogg, vocals.ogg",0 0 0 0 0 0,0 0 0 0,0 0 0 0 0 0,0 0 0 0,matched
"Fall Out Boy - Dance, Dance","Dance, Dance",Fall Out Boy,From Under the Cork Tree,2005,Harmonix,3,4,3,4,0,4,-1,-1,0,4,4,FALSE,TRUE,TRUE,TRUE,"drums_1.ogg, drums_2.ogg, guitar.ogg, keys.ogg, rhythm.ogg, song.ogg, vocals.ogg",0 0 0 0 0 0,0 0 0 0,0 0 0 0 0 0,0 0 0 0,matched
"Fall Out Boy - Sugar, We're Goin Down","Sugar, We're Goin Down",Fall Out Boy,From Under the Cork Tree,2005,Harmonix,3,3,2,4,-1,4,1,1,-1,4,4,TRUE,FALSE,TRUE,TRUE,"drums_1.ogg, drums_2.ogg, guitar.ogg, rhythm.ogg, song.ogg, vocals.ogg",-2 0 0 0 0 0,-2 0 0 0,-2 0 0 0 0 0,-2 0 0 0,matched
Fall Out Boy - Thnks fr th Mmrs,Thnks fr th Mmrs,Fall Out Boy,Infinity on High,2007,Harmonix,3,3,2,4,3,4,-1,-1,3,4,4,FALSE,TRUE,TRUE,TRUE,"drums_1.ogg, drums_2.ogg, drums_3.ogg, guitar.ogg, keys.ogg, rhythm.ogg, song.ogg, vocals.ogg",0 0 0 0 0 0,0 0 0 0,-2 0 0 0 0 0,-2 0 0 0,matched
Filter - Hey Man Nice Shot,Hey Man Nice Shot,Filter,Short Bus,1995,Harmonix,4,3,6,1,-1,2,3,3,-1,1,-1,TRUE,FALSE,TRUE,FALSE,"drums_1.ogg, drums_2.ogg, drums_3.ogg, guitar.ogg, rhythm.ogg, song.ogg, vocals.ogg",0 0 0 0 0 0,0 0 0 0,-2 0 0 0 0 0,-2 0 0 0,matched
Fleetwood Mac - Dreams,Dreams,Fleetwood Mac,Rumours,1977,Harmonix,1,2,2,2,1,4,1,0,2,2,4,TRUE,TRUE,TRUE,TRUE,"drums_1.ogg, drums_2.ogg, drums_3.ogg, guitar.ogg, keys.ogg, rhythm.ogg, song.ogg, vocals.ogg",0 0 0 0 0 0,0 0 0 0,0 0 0 0 0 0,0 0 0 0,matched
Fleetwood Mac - Gold Dust Woman,Gold Dust Woman,Fleetwood Mac,Rumours,1977,Harmonix,2,3,3,0,3,3,-1,-1,3,0,3,FALSE,TRUE,TRUE,TRUE,"drums_1.ogg, drums_2.ogg, drums_3.ogg, guitar.ogg, keys.ogg, rhythm.ogg, song.ogg, vocals.ogg",0 0 0 0 0 0,0 0 0 0,-2 0 0 0 0 -2,0 0 0 0,matched
Fleetwood Mac - Landslide,Landslide,Fleetwood Mac,Fleetwood Mac,1975,Harmonix,5,4,-1,-1,-1,3,-1,-1,-1,-1,-1,FALSE,FALSE,FALSE,FALSE,"guitar.ogg, song.ogg, vocals.ogg",0 0 0 0 0 0,0 0 0 0,0 0 0 0 0 0,Unknown,matched
Fleetwood Mac - Rhiannon,Rhiannon,Fleetwood Mac,Fleetwood Mac,1975,Harmonix,4,4,3,4,3,3,-1,-1,4,4,3,FALSE,TRUE,TRUE,TRUE,"drums_1.ogg, drums_2.ogg, drums_3.ogg, guitar.ogg, keys.ogg, rhythm.ogg, song.ogg, vocals.ogg",0 0 0 0 0 0,0 0 0 0,0 0 0 0 0 0,0 0 0 0,matched
Florence + the Machine - Dog Days Are Over,Dog Days Are Over,Florence + the Machine,Lungs,2009,Harmonix,1,3,0,2,0,4,-1,-1,0,2,4,FALSE,TRUE,TRUE,TRUE,"drums_1.ogg, drums_2.ogg, drums_3.ogg, guitar.ogg, keys.ogg, rhythm.ogg, song.ogg, vocals.ogg",0 0 0 0 0 0,0 0 0 0,0 0 0 0 0 0,0 0 0 0,matched
Foo Fighters - Long Road to Ruin,Long Road to Ruin,Foo Fighters,"Echoes, Silence, Patience & Grace",2007,Harmonix,1,3,1,3,1,2,-1,-1,1,3,2,FALSE,TRUE,TRUE,TRUE,"drums_1.ogg, drums_2.ogg, drums_3.ogg, guitar.ogg, keys.ogg, rhythm.ogg, song.ogg, vocals.ogg",0 0 0 0 0 0,0 0 0 0,0 0 0 0 0 0,0 0 0 0,matched
Foo Fighters - Rope,Rope,Foo Fighters,Wasting Light,2011,Harmonix,3,4,3,4,0,3,2,3,0,4,3,TRUE,TRUE,TRUE,TRUE,"drums_1.ogg, drums_2.ogg, guitar.ogg, keys.ogg, rhythm.ogg, song.ogg, vocals.ogg",0 0 0 0 0 0,0 0 0 0,0 0 0 0 0 0,0 0 0 0,matched
Foo Fighters - Something from Nothing,Something from Nothing,Foo Fighters,Sonic Highways,2014,Harmonix,4,4,3,5,-1,3,-1,-1,-1,5,3,FALSE,FALSE,TRUE,TRUE,"drums.ogg, guitar.ogg, rhythm.ogg, song.ogg, vocals.ogg",0 0 0 0 0 0,0 0 0 0,0 0 0 0 0 0,0 0 0 0,matched
Foo Fighters - Stacked Actors,Stacked Actors,Foo Fighters,There Is Nothing Left to Lose,1999,Harmonix,4,4,2,4,-1,3,-1,-1,-1,4,-1,FALSE,FALSE,TRUE,FALSE,"drums_1.ogg, drums_2.ogg, guitar.ogg, rhythm.ogg, song.ogg, vocals.ogg",0 0 0 0 0 0,0 0 0 0,-7 0 0 0 0 0,0 0 0 0,matched
Foo Fighters - Walk,Walk,Foo Fighters,Wasting Light,2011,Harmonix,1,2,1,4,1,3,-1,-1,1,4,3,FALSE,TRUE,TRUE,TRUE,"drums_1.ogg, drums_2.ogg, drums_3.ogg, guitar.ogg, keys.ogg, rhythm.ogg, song.ogg, vocals.ogg",0 0 0 0 0 0,0 0 0 0,0 0 0 0 0 0,0 0 0 0,matched
Foreigner - Cold as Ice,Cold as Ice,Foreigner,Foreigner,1977,Harmonix,4,0,2,3,6,4,5,1,5,3,4,TRUE,TRUE,TRUE,TRUE,"drums_1.ogg, drums_2.ogg, drums_3.ogg, guitar.ogg, keys.ogg, rhythm.ogg, song.ogg, vocals.ogg",0 0 0 0 0 0,0 0 0 0,0 0 0 0 0 0,0 0 0 0,matched
Foreigner - Hot Blooded,Hot Blooded,Foreigner,Double Vision,1978,Harmonix,3,4,1,3,1,5,-1,-1,2,3,5,FALSE,TRUE,TRUE,TRUE,"drums_1.ogg, drums_2.ogg, drums_3.ogg, guitar.ogg, keys.ogg, rhythm.ogg, song.ogg, vocals.ogg",0 0 0 0 0 0,0 0 0 0,0 0 0 0 0 0,0 0 0 0,matched
Foreigner - I Want to Know What Love Is,I Want to Know What Love Is,Foreigner,Agent Provocateur,1984,Harmonix,2,-1,1,2,1,5,-1,-1,1,2,5,FALSE,TRUE,TRUE,TRUE,"drums_1.ogg, drums_2.ogg, keys.ogg, rhythm.ogg, song.ogg, vocals.ogg",0 0 0 0 0 0,0 0 0 0,Unknown,0 0 0 0,matched
Foreigner - Urgent,Urgent,Foreigner,4,1981,Harmonix,1,1,2,0,2,4,-1,-1,2,0,4,FALSE,TRUE,TRUE,TRUE,"drums_1.ogg, drums_2.ogg, drums_3.ogg, guitar.ogg, keys.ogg, rhythm.ogg, song.ogg, vocals.ogg",0 0 0 0 0 0,0 0 0 0,0 0 0 0 0 0,0 0 0 0,matched
Foreigner - Waiting for a Girl Like You,Waiting for a Girl Like You,Foreigner,4,1981,Harmonix,2,2,2,1,3,4,-1,-1,3,1,4,FALSE,TRUE,TRUE,TRUE,"drums_1.ogg, drums_2.ogg, drums_3.ogg, guitar.ogg, keys.ogg, rhythm.ogg, song.ogg, vocals.ogg",0 0 0 0 0 0,0 0 0 0,Unknown,0 0 0 0,matched
Foster the People - Don't Stop (Color on the Walls),Don't Stop (Color on the Walls),Foster the People,Torches,2011,Harmonix,2,2,2,2,3,3,-1,-1,3,2,3,FALSE,TRUE,TRUE,TRUE,"drums_1.ogg, drums_2.ogg, guitar.ogg, keys.ogg, rhythm.ogg, song.ogg, vocals.ogg",0 0 0 0 0 0,0 0 0 0,0 0 0 0 0 0,0 0 0 0,matched
Foster the People - Helena Beat,Helena Beat,Foster the People,Torches,2011,Harmonix,2,2,3,4,4,2,-1,-1,4,4,2,FALSE,TRUE,TRUE,TRUE,"drums_1.ogg, drums_2.ogg, drums_3.ogg, guitar.ogg, keys.ogg, rhythm.ogg, song.ogg, vocals.ogg",0 0 0 0 0 0,0 0 0 0,0 0 0 0 0 0,0 0 0 0,matched
Frankie Goes to Hollywood - Relax (Come Fighting) (2x Bass Pedal Expert+),Relax (Come Fighting),Frankie Goes to Hollywood,Welcome to the Pleasuredome,1984,Harmonix,2,2,0,4,3,3,-1,-1,4,4,3,FALSE,TRUE,TRUE,TRUE,"drums_1.ogg, drums_2.ogg, drums_3.ogg, guitar.ogg, keys.ogg, rhythm.ogg, song.ogg, vocals.ogg",0 0 0 0 0 0,0 0 0 0,0 0 0 0 0 0,0 0 0 0,matched
Frank Turner - I Still Believe,I Still Believe,Frank Turner,England Keep My Bones,2011,Harmonix,3,4,1,4,-1,2,-1,-1,-1,4,2,FALSE,FALSE,TRUE,TRUE,"drums.ogg, guitar.ogg, rhythm.ogg, song.ogg, vocals.ogg",0 0 0 0 0 0,0 0 0 0,0 0 0 0 0 0,0 0 0 0,matched
Gary Allan - Man of Me,Man of Me,Gary Allan,Alright Guy,2001,Harmonix,2,3,1,2,-1,3,-1,-1,-1,2,3,FALSE,FALSE,TRUE,TRUE,"drums_1.ogg, drums_2.ogg, drums_3.ogg, guitar.ogg, rhythm.ogg, song.ogg, vocals.ogg",0 0 0 0 0 0,0 0 0 0,0 0 0 0 0 0,0 0 0 0,matched
Gary Allan - Man of Me (RB3 version),Man of Me (RB3 version),Gary Allan,Alright Guy,2001,Harmonix,2,3,1,2,4,3,-1,-1,5,2,3,FALSE,TRUE,TRUE,TRUE,"drums_1.ogg, drums_2.ogg, drums_3.ogg, guitar.ogg, keys.ogg, rhythm.ogg, song.ogg, vocals.ogg",0 0 0 0 0 0,0 0 0 0,0 0 0 0 0 0,0 0 0 0,matched
George Strait - TWANG,TWANG,George Strait,TWANG,2009,Harmonix,2,4,2,2,-1,3,-1,-1,-1,2,3,FALSE,FALSE,TRUE,TRUE,"drums_1.ogg, drums_2.ogg, guitar.ogg, rhythm.ogg, song.ogg, vocals.ogg",0 0 0 0 0 0,0 0 0 0,0 0 0 0 0 0,0 0 0 0,matched
George Strait - TWANG (RB3 version),TWANG (RB3 version),George Strait,TWANG,2009,Harmonix,2,4,2,2,5,3,-1,-1,6,2,3,FALSE,TRUE,TRUE,TRUE,"drums_1.ogg, drums_2.ogg, guitar.ogg, keys.ogg, rhythm.ogg, song.ogg, vocals.ogg",0 0 0 0 0 0,0 0 0 0,0 0 0 0 0 0,0 0 0 0,matched
Golden Earring - Radar Love,Radar Love,Golden Earring,Moontan,1973,Harmonix,6,6,5,6,0,1,5,3,0,6,1,TRUE,TRUE,TRUE,TRUE,"drums.ogg, guitar.ogg, keys.ogg, rhythm.ogg, song.ogg, vocals.ogg",0 0 0 0 0 0,0 0 0 0,0 0 0 0 0 0,0 0 0 0,matched
Good Charlotte - The Anthem,The Anthem,Good Charlotte,The Young and the Hopeless,2002,Harmonix,2,2,3,3,-1,3,-1,-1,-1,3,3,FALSE,FALSE,TRUE,TRUE,"drums.ogg, guitar.ogg, rhythm.ogg, song.ogg, vocals.ogg",0 0 0 0 0 0,0 0 0 0,-3 -1 -1 -1 -1 -1,-3 -1 -1 -1,matched
Grand Funk Railroad - The Loco-Motion,The Loco-Motion,Grand Funk Railroad,Shinin' On,1974,Harmonix,1,2,1,3,1,4,-1,-1,2,3,4,FALSE,TRUE,TRUE,TRUE,"drums.ogg, guitar.ogg, keys.ogg, rhythm.ogg, song.ogg, vocals.ogg",0 0 0 0 0 0,0 0 0 0,0 0 0 0 0 0,0 0 0 0,matched
Grand Funk Railroad - We're an American Band,We're an American Band,Grand Funk Railroad,We're an American Band,1973,Harmonix,4,4,2,4,4,3,3,6,4,4,3,TRUE,TRUE,TRUE,TRUE,"drums_1.ogg, drums_2.ogg, drums_3.ogg, guitar.ogg, keys.ogg, rhythm.ogg, song.ogg, vocals.ogg",0 0 0 0 0 0,0 0 0 0,0 0 0 0 0 0,0 0 0 0,matched
Green Day - Oh Love,Oh Love,Green Day,Uno!,2012,Harmonix,1,1,1,2,0,2,-1,-1,1,2,2,FALSE,TRUE,TRUE,TRUE,"drums_1.ogg, drums_2.ogg, guitar.ogg, keys.ogg, rhythm.ogg, song.ogg, vocals.ogg",0 0 0 0 0 0,0 0 0 0,0 0 0 0 0 0,0 0 0 0,matched
Gym Class Heroes (ft. Adam Levine) - Stereo Hearts,Stereo Hearts,Gym Class Heroes (ft. Adam Levine),The Papercut Chronicles II,2011,Harmonix,2,3,1,2,4,3,-1,-1,4,2,3,FALSE,TRUE,TRUE,TRUE,"drums.ogg, guitar.ogg, keys.ogg, rhythm.ogg, song.ogg, vocals.ogg",0 0 0 0 0 0,0 0 0 0,0 0 0 0 0 0,0 0 0 0,matched
Hall & Oates - I Can't Go for That (No Can Do),I Can't Go for That (No Can Do),Hall & Oates,Private Eyes,1981,Harmonix,3,0,2,2,4,6,-1,-1,4,2,-1,FALSE,TRUE,TRUE,FALSE,"drums.ogg, guitar.ogg, keys.ogg, rhythm.ogg, song.ogg, vocals.ogg",0 0 0 0 0 0,0 0 0 0,Unknown,Unknown,matched_no_artist_filter_no_guitar_or_bass_track
Hall & Oates - Maneater,Maneater,Hall & Oates,H2O,1982,Harmonix,1,0,1,1,2,4,-1,-1,2,1,-1,FALSE,TRUE,TRUE,FALSE,"drums_1.ogg, drums_2.ogg, drums_3.ogg, guitar.ogg, keys.ogg, rhythm.ogg, song.ogg, vocals.ogg",0 0 0 0 0 0,0 0 0 0,0 0 0 0 0 0,Unknown,matched
Hall & Oates - Private Eyes,Private Eyes,Hall & Oates,Private Eyes,1981,Harmonix,2,1,1,0,4,4,1,1,4,0,-1,TRUE,TRUE,TRUE,FALSE,"drums_1.ogg, drums_2.ogg, drums_3.ogg, guitar.ogg, keys.ogg, rhythm.ogg, song.ogg, vocals.ogg",0 0 0 0 0 0,0 0 0 0,0 0 0 0 0 0,0 0 0 0,matched
Heart - Alone,Alone,Heart,Bad Animals,1987,Harmonix,2,2,1,1,3,4,-1,-1,3,1,4,FALSE,TRUE,TRUE,TRUE,"drums.ogg, guitar.ogg, keys.ogg, rhythm.ogg, song.ogg, vocals.ogg",0 0 0 0 0 0,0 0 0 0,0 0 0 0 0 0,0 0 0 0,matched
Heart - Barracuda,Barracuda,Heart,Little Queen,1977,Harmonix,4,3,3,4,-1,4,4,4,-1,4,-1,TRUE,FALSE,TRUE,FALSE,"drums_1.ogg, drums_2.ogg, drums_3.ogg, guitar.ogg, rhythm.ogg, song.ogg, vocals.ogg",0 0 0 0 0 0,0 0 0 0,0 0 0 0 0 0,0 0 0 0,matched
HIM - Killing Loneliness,Killing Loneliness,HIM,Dark Light,2005,Harmonix,1,5,2,1,3,2,4,1,3,1,2,TRUE,TRUE,TRUE,TRUE,"drums_1.ogg, drums_2.ogg, drums_3.ogg, guitar.ogg, keys.ogg, rhythm.ogg, song.ogg, vocals.ogg",0 0 0 0 0 0,0 0 0 0,0 0 0 0 0 0,0 0 0 0,matched
Hoobastank - Crawling in the Dark,Crawling in the Dark,Hoobastank,Hoobastank,2001,Harmonix,4,5,3,3,-1,3,-1,-1,-1,3,3,FALSE,FALSE,TRUE,TRUE,"drums_1.ogg, drums_2.ogg, guitar.ogg, rhythm.ogg, song.ogg, vocals.ogg",0 0 0 0 0 0,0 0 0 0,0 2 2 1 0 0,-2 0 0 0,matched
Hot Chelle Rae - Tonight Tonight,Tonight Tonight,Hot Chelle Rae,Whatever,2011,Harmonix,2,2,2,1,3,4,-1,-1,-1,1,4,FALSE,FALSE,TRUE,TRUE,"drums_1.ogg, drums_2.ogg, guitar.ogg, keys.ogg, rhythm.ogg, song.ogg, vocals.ogg",0 0 0 0 0 0,0 0 0 0,0 0 0 0 0 0,0 0 0 0,matched
HourCast - Freakshow (RB3 version),Freakshow (RB3 Version),HourCast,Dystopia,2010,HourCast,4,3,3,3,-1,3,1,2,-1,3,-1,TRUE,FALSE,TRUE,FALSE,"drums_1.ogg, drums_2.ogg, drums_3.ogg, guitar.ogg, rhythm.ogg, song.ogg, vocals.ogg",0 0 0 0 0 0,0 0 0 0,-2 0 0 0 0 0,-2 0 0 0,matched
Huey Lewis and the News - Do You Believe in Love,Do You Believe in Love,Huey Lewis and the News,Picture This,1982,Harmonix,3,3,1,2,3,4,-1,-1,4,2,4,FALSE,TRUE,TRUE,TRUE,"drums_1.ogg, drums_2.ogg, drums_3.ogg, guitar.ogg, keys.ogg, rhythm.ogg, song.ogg, vocals.ogg",0 0 0 0 0 0,0 0 0 0,0 0 0 0 0 0,0 0 0 0,matched
Huey Lewis and the News - I Want a New Drug,I Want a New Drug,Huey Lewis and the News,Sports,1983,Harmonix,4,4,1,1,5,4,5,1,5,1,4,TRUE,TRUE,TRUE,TRUE,"drums_1.ogg, drums_2.ogg, drums_3.ogg, guitar.ogg, keys.ogg, rhythm.ogg, song.ogg, vocals.ogg",0 0 0 0 0 0,0 0 0 0,0 0 0 0 0 0,0 0 0 0,matched
Huey Lewis and the News - The Heart of Rock & Roll,The Heart of Rock & Roll,Huey Lewis and the News,Sports,1983,Harmonix,3,2,2,2,4,4,-1,-1,4,2,4,FALSE,TRUE,TRUE,TRUE,"drums_1.ogg, drums_2.ogg, guitar.ogg, keys.ogg, rhythm.ogg, song.ogg, vocals.ogg",0 0 0 0 0 0,0 0 0 0,0 0 0 0 0 0,0 0 0 0,matched
Huey Lewis and the News - The Power of Love,The Power of Love,Huey Lewis and the News,Greatest Hits,1985,Harmonix,2,5,4,0,3,5,5,4,3,0,5,TRUE,TRUE,TRUE,TRUE,"drums_1.ogg, drums_2.ogg, drums_3.ogg, guitar.ogg, keys.ogg, rhythm.ogg, song.ogg, vocals.ogg",0 0 0 0 0 0,0 0 0 0,0 0 0 0 0 0,0 0 0 0,matched
Hypernova - Viva la Resistance,Viva la Resistance,Hypernova,Through the Chaos,2010,Harmonix,5,4,4,6,-1,4,3,2,-1,6,4,TRUE,FALSE,TRUE,TRUE,"drums_1.ogg, drums_2.ogg, drums_3.ogg, guitar.ogg, rhythm.ogg, song.ogg, vocals.ogg",0 0 0 0 0 0,0 0 0 0,0 0 0 0 0 0,0 0 0 0,matched
Ida Maria - Oh My God,Oh My God,Ida Maria,Fortress Round My Heart,2008,Harmonix,3,3,3,4,0,4,3,4,0,4,4,TRUE,TRUE,TRUE,TRUE,"drums_1.ogg, drums_2.ogg, drums_3.ogg, guitar.ogg, keys.ogg, rhythm.ogg, song.ogg, vocals.ogg",0 0 0 0 0 0,0 0 0 0,0 0 0 0 0 0,0 0 0 0,matched
Incubus - Adolescents,Adolescents,Incubus,"If Not Now, When?",2011,Harmonix,3,4,1,3,4,3,-1,-1,4,3,3,FALSE,TRUE,TRUE,TRUE,"drums_1.ogg, drums_2.ogg, drums_3.ogg, guitar.ogg, keys.ogg, rhythm.ogg, song.ogg, vocals.ogg",0 0 0 0 0 0,0 0 0 0,0 0 0 0 0 0,0 0 0 0,matched
Incubus - Drive,Drive,Incubus,Make Yourself,1999,Harmonix,1,3,2,1,-1,3,-1,-1,-1,1,3,FALSE,FALSE,TRUE,TRUE,"drums.ogg, guitar.ogg, rhythm.ogg, song.ogg, vocals.ogg",0 0 0 0 0 0,0 0 0 0,0 0 0 0 0 0,0 0 0 0,matched
Incubus - Pardon Me,Pardon Me,Incubus,Make Yourself,1999,Harmonix,2,2,1,4,-1,3,2,1,-1,4,3,TRUE,FALSE,TRUE,TRUE,"drums_1.ogg, drums_2.ogg, guitar.ogg, rhythm.ogg, song.ogg, vocals.ogg",0 0 0 0 0 0,0 0 0 0,0 0 0 0 0 0,0 0 0 0 0,matched
Incubus - Wish You Were Here,Wish You Were Here,Incubus,Morning View,2001,Harmonix,2,2,1,4,-1,3,-1,-1,-1,4,3,FALSE,FALSE,TRUE,TRUE,"drums_1.ogg, drums_2.ogg, drums_3.ogg, guitar.ogg, rhythm.ogg, song.ogg, vocals.ogg",0 0 0 0 0 0,0 0 0 0,0 0 0 0 0 0,0 0 0 0,matched
Inhabited - Open My Eyes,Open My Eyes,Inhabited,The Revolution,2005,Harmonix,2,4,2,4,2,3,-1,-1,4,4,-1,FALSE,TRUE,TRUE,FALSE,"drums_1.ogg, drums_2.ogg, drums_3.ogg, guitar.ogg, keys.ogg, rhythm.ogg, song.ogg, vocals.ogg",0 0 0 0 0 0,0 0 0 0,Unknown,Unknown,matched_no_guitar_or_bass_track
INXS - Need You Tonight,Need You Tonight,INXS,Kick,1987,Harmonix,2,0,0,4,0,5,2,1,0,4,5,TRUE,TRUE,TRUE,TRUE,"drums_1.ogg, drums_2.ogg, drums_3.ogg, guitar.ogg, keys.ogg, rhythm.ogg, song.ogg, vocals.ogg",0 0 0 0 0 0,0 0 0 0,0 0 0 0 0 0,0 0 0 0 0,matched
Iron Maiden - Flight of Icarus,Flight of Icarus,Iron Maiden,Piece of Mind,1983,Harmonix,6,6,4,5,-1,6,5,4,-1,5,6,TRUE,FALSE,TRUE,TRUE,"drums_1.ogg, drums_2.ogg, guitar.ogg, rhythm.ogg, song.ogg, vocals.ogg",0 0 0 0 0 0,0 0 0 0,0 0 0 0 0 0,0 0 0 0,matched
Iron Maiden - Infinite Dreams,Infinite Dreams,Iron Maiden,Seventh Son of a Seventh Son,1988,Harmonix,5,4,5,5,1,4,-1,-1,1,5,4,FALSE,TRUE,TRUE,TRUE,"drums_1.ogg, drums_2.ogg, guitar.ogg, keys.ogg, rhythm.ogg, song.ogg, vocals.ogg",0 0 0 0 0 0,0 0 0 0,0 0 0 0 0 0,0 0 0 0,matched
Iron Maiden - Phantom of the Opera,Phantom of the Opera,Iron Maiden,Iron Maiden,1980,Harmonix,6,6,6,6,-1,6,-1,-1,-1,6,6,FALSE,FALSE,TRUE,TRUE,"drums_1.ogg, drums_2.ogg, guitar.ogg, rhythm.ogg, song.ogg, vocals.ogg",0 0 0 0 0 0,0 0 0 0,0 0 0 0 0 0,0 0 0 0,matched
Iron Maiden - Rime of the Ancient Mariner,Rime of the Ancient Mariner,Iron Maiden,Powerslave,1984,Harmonix,6,6,6,6,-1,4,6,6,-1,6,4,TRUE,FALSE,TRUE,TRUE,"drums_1.ogg, drums_2.ogg, drums_3.ogg, guitar.ogg, rhythm.ogg, song.ogg, vocals.ogg",0 0 0 0 0 0,0 0 0 0,0 0 0 0 0 0,0 0 0 0,matched
Iron Maiden - Seventh Son of a Seventh Son (2x Bass Pedal Expert+),Seventh Son of a Seventh Son,Iron Maiden,Seventh Son of a Seventh Son,1988,Harmonix,6,6,5,6,1,5,-1,-1,1,6,-1,FALSE,TRUE,TRUE,FALSE,"drums_1.ogg, drums_2.ogg, drums_3.ogg, guitar.ogg, keys.ogg, rhythm.ogg, song.ogg, vocals.ogg",0 0 0 0 0 0,0 0 0 0,0 0 0 0 0 0,0 0 0 0,matched
Iron Maiden - The Prisoner,The Prisoner,Iron Maiden,The Number of the Beast,1982,Harmonix,6,6,5,5,-1,4,-1,-1,1,6,4,FALSE,TRUE,TRUE,TRUE,"drums_1.ogg, drums_2.ogg, guitar.ogg, rhythm.ogg, song.ogg, vocals.ogg",0 0 0 0 0 0,0 0 0 0,0 0 0 0 0 0,0 0 0 0,matched
James Brown - I Got You (I Feel Good),I Got You (I Feel Good),James Brown,Alternate Studio Version,1974,Harmonix,5,4,6,3,6,6,2,4,6,3,-1,TRUE,TRUE,TRUE,FALSE,"drums_1.ogg, drums_2.ogg, drums_3.ogg, guitar.ogg, keys.ogg, rhythm.ogg, song.ogg, vocals.ogg",0 0 0 0 0 0,0 0 0 0,0 0 0 0 0 0,0 0 0 0,matched
"James Brown - Super Bad, Pts. 1 & 2","Super Bad, Pts. 1 & 2",James Brown,20 All-Time Greatest Hits,1970,Harmonix,6,4,4,4,6,5,3,4,3,4,-1,TRUE,TRUE,TRUE,FALSE,"drums.ogg, guitar.ogg, keys.ogg, rhythm.ogg, song.ogg, vocals.ogg",0 0 0 0 0 0,0 0 0 0,0 0 0 0 0 0,0 0 0 0,matched
Jane's Addiction - Been Caught Stealing,Been Caught Stealing,Jane's Addiction,Ritual de lo Habitual,1990,Harmonix,5,6,5,5,-1,5,5,3,-1,5,5,TRUE,FALSE,TRUE,TRUE,"drums_1.ogg, drums_2.ogg, drums_3.ogg, guitar.ogg, rhythm.ogg, song.ogg, vocals.ogg",0 0 0 0 0 0,0 0 0 0,0 0 0 0 0 0,0 0 0 0,matched
Janis Joplin & the Full Tilt Boogie Band - Me and Bobby McGee,Me and Bobby McGee,Janis Joplin & the Full Tilt Boogie Band,Pearl,1971,Harmonix,5,4,3,4,5,4,-1,-1,5,4,-1,FALSE,TRUE,TRUE,FALSE,"drums_1.ogg, drums_2.ogg, guitar.ogg, keys.ogg, rhythm.ogg, song.ogg, vocals.ogg",0 0 0 0 0 0,0 0 0 0,0 0 0 0 0 0,0 0 0 0,matched
Jason Aldean - Crazy Town,Crazy Town,Jason Aldean,Wide Open,2009,Harmonix,2,4,2,3,-1,3,-1,-1,-1,3,3,FALSE,FALSE,TRUE,TRUE,"drums_1.ogg, drums_2.ogg, drums_3.ogg, guitar.ogg, rhythm.ogg, song.ogg, vocals.ogg",0 0 0 0 0 0,0 0 0 0,0 0 0 0 0 0,0 0 0 0 0,matched
Jason Aldean - Crazy Town (RB3 version),Crazy Town (RB3 version),Jason Aldean,Wide Open,2009,Harmonix,2,4,2,3,4,3,-1,-1,4,3,3,FALSE,TRUE,TRUE,TRUE,"drums_1.ogg, drums_2.ogg, drums_3.ogg, guitar.ogg, keys.ogg, rhythm.ogg, song.ogg, vocals.ogg",0 0 0 0 0 0,0 0 0 0,0 0 0 0 0 0,0 0 0 0 0,matched
Jefferson Airplane - Somebody to Love,Somebody to Love,Jefferson Airplane,Surrealistic Pillow,1967,Harmonix,2,3,3,3,-1,3,-1,-1,-1,3,-1,FALSE,FALSE,TRUE,FALSE,"drums.ogg, guitar.ogg, rhythm.ogg, song.ogg, vocals.ogg",0 0 0 0 0 0,0 0 0 0,0 0 0 0 0 0,0 0 0 0,matched
Jimi Hendrix - Angel,Angel,Jimi Hendrix,The Cry of Love,1971,Harmonix,2,3,2,3,-1,3,-1,-1,-1,3,-1,FALSE,FALSE,TRUE,FALSE,"drums.ogg, guitar.ogg, rhythm.ogg, song.ogg, vocals.ogg",0 0 0 0 0 0,0 0 0 0,-1 -1 -1 -1 -1 -1,22 22 21 21,matched
Jimi Hendrix - Dolly Dagger,Dolly Dagger,Jimi Hendrix,Rainbow Bridge,1971,Harmonix,6,5,3,4,-1,6,-1,-1,-1,4,6,FALSE,FALSE,TRUE,TRUE,"drums.ogg, guitar.ogg, rhythm.ogg, song.ogg, vocals.ogg",0 0 0 0 0 0,0 0 0 0,-1 -1 -1 -1 -1 -1,-1 -1 -1 -1,matched
Jimi Hendrix - Freedom,Freedom,Jimi Hendrix,The Cry of Love,1971,Harmonix,5,4,4,4,1,5,5,4,1,4,5,TRUE,TRUE,TRUE,TRUE,"drums.ogg, guitar.ogg, keys.ogg, rhythm.ogg, song.ogg, vocals.ogg",0 0 0 0 0 0,0 0 0 0,-1 -1 -1 -1 -1 -1,-1 -1 -1 -1,matched
Jimi Hendrix - Voodoo Child (Slight Return) (Live),Voodoo Child (Slight Return) (Live),Jimi Hendrix,Live at Woodstock,1969,Harmonix,6,6,4,5,-1,6,-1,-1,1,5,-1,FALSE,TRUE,TRUE,FALSE,"drums_1.ogg, drums_2.ogg, guitar.ogg, rhythm.ogg, song.ogg, vocals.ogg",0 0 0 0 0 0,0 0 0 0,-1 -1 -1 -1 -1 -1,-1 -1 -1 -1,matched
Joan Jett & The Blackhearts - I Love Rock N' Roll,I Love Rock N' Roll,Joan Jett & The Blackhearts,I Love Rock N' Roll,1981,Harmonix,0,1,0,0,1,0,0,0,1,0,0,TRUE,TRUE,TRUE,TRUE,"drums_1.ogg, drums_2.ogg, drums_3.ogg, guitar.ogg, keys.ogg, rhythm.ogg, song.ogg, vocals.ogg",0 0 0 0 0 0,0 0 0 0,0 0 0 0 0 0,0 0 0 0,matched
John Lennon - Crippled Inside,Crippled Inside,John Lennon,Imagine,1971,Harmonix,3,3,2,3,6,2,-1,-1,6,3,-1,FALSE,TRUE,TRUE,FALSE,"drums.ogg, guitar.ogg, keys.ogg, rhythm.ogg, song.ogg, vocals.ogg",0 0 0 0 0 0,0 0 0 0,0 0 0 0 0 0,0 0 0 0,matched
John Lennon - Gimme Some Truth,Gimme Some Truth,John Lennon,Imagine,1971,Harmonix,1,3,2,2,2,2,-1,-1,4,2,-1,FALSE,TRUE,TRUE,FALSE,"drums.ogg, guitar.ogg, keys.ogg, rhythm.ogg, song.ogg, vocals.ogg",0 0 0 0 0 0,0 0 0 0,0 0 0 0 0 0,0 0 0 0,matched
John Lennon - How,How?,John Lennon,Imagine,1971,Harmonix,0,1,1,1,1,1,-1,-1,3,1,-1,FALSE,TRUE,TRUE,FALSE,"drums.ogg, guitar.ogg, keys.ogg, rhythm.ogg, song.ogg, vocals.ogg",0 0 0 0 0 0,0 0 0 0,Unknown,0 0 0 0,matched
John Lennon - How Do You Sleep,How Do You Sleep?,John Lennon,Imagine,1971,Harmonix,1,3,2,3,5,2,3,0,5,3,-1,TRUE,TRUE,TRUE,FALSE,"drums.ogg, guitar.ogg, keys.ogg, rhythm.ogg, song.ogg, vocals.ogg",0 0 0 0 0 0,0 0 0 0,0 0 0 0 0 0,0 0 0 0,matched
John Lennon - I Don't Wanna Be a Soldier Mama,I Don't Wanna Be a Soldier Mama,John Lennon,Imagine,1971,Harmonix,3,2,3,3,5,2,-1,-1,6,3,-1,FALSE,TRUE,TRUE,FALSE,"drums.ogg, guitar.ogg, keys.ogg, rhythm.ogg, song.ogg, vocals.ogg",0 0 0 0 0 0,0 0 0 0,0 0 0 0 0 0,0 0 0 0,matched
John Lennon - Imagine,Imagine,John Lennon,Imagine,1971,Harmonix,0,-1,0,0,2,0,-1,0,2,0,-1,FALSE,TRUE,TRUE,FALSE,"drums.ogg, keys.ogg, rhythm.ogg, song.ogg, vocals.ogg",0 0 0 0 0 0,0 0 0 0,Unknown,0 0 0 0,matched
John Lennon - It's So Hard,It's So Hard,John Lennon,Imagine,1971,Harmonix,1,2,1,1,2,2,-1,-1,2,1,-1,FALSE,TRUE,TRUE,FALSE,"drums.ogg, guitar.ogg, keys.ogg, rhythm.ogg, song.ogg, vocals.ogg",0 0 0 0 0 0,0 0 0 0,0 0 0 0 0 0,0 0 0 0,matched
John Lennon - Jealous Guy,Jealous Guy,John Lennon,Imagine,1971,Harmonix,0,1,1,0,3,2,-1,-1,4,0,-1,FALSE,TRUE,TRUE,FALSE,"drums.ogg, guitar.ogg, keys.ogg, rhythm.ogg, song.ogg, vocals.ogg",0 0 0 0 0 0,0 0 0 0,0 0 0 0 0 0,0 0 0 0,matched
John Lennon - Oh My Love,Oh My Love,John Lennon,Imagine,1971,Harmonix,1,1,1,-1,1,1,-1,-1,3,-1,-1,FALSE,TRUE,FALSE,FALSE,"guitar.ogg, keys.ogg, rhythm.ogg, song.ogg, vocals.ogg",0 0 0 0 0 0,0 0 0 0,0 0 0 0 0 0,0 0 0 0,matched
John Lennon - Oh Yoko!,Oh Yoko!,John Lennon,Imagine,1971,Harmonix,4,2,2,4,6,2,-1,-1,6,4,2,FALSE,TRUE,TRUE,TRUE,"drums.ogg, guitar.ogg, keys.ogg, rhythm.ogg, song.ogg, vocals.ogg",0 0 0 0 0 0,0 0 0 0,0 0 0 0 0 0,0 0 0 0,matched
"Johnny Cash - Cry, Cry, Cry","Cry, Cry, Cry",Johnny Cash,Classic Cash: Hall of Fame Series,1957,Harmonix,5,4,1,4,4,2,-1,-1,5,4,2,FALSE,TRUE,TRUE,TRUE,"drums_1.ogg, drums_2.ogg, drums_3.ogg, guitar.ogg, keys.ogg, rhythm.ogg, song.ogg, vocals.ogg",0 0 0 0 0 0,0 0 0 0,0 0 0 0 0 0,0 0 0 0,matched
Johnny Cash - Dont Take Your Guns to Town,Don't Take Your Guns to Town,Johnny Cash,Classic Cash: Hall of Fame Series,1959,Harmonix,2,3,1,3,3,2,-1,-1,3,3,-1,FALSE,TRUE,TRUE,FALSE,"drums_1.ogg, drums_2.ogg, guitar.ogg, keys.ogg, rhythm.ogg, song.ogg, vocals.ogg",0 0 0 0 0 0,0 0 0 0,0 0 0 0 0 0,0 0 0 0,matched
Johnny Cash - Five Feet High and Rising,Five Feet High and Rising,Johnny Cash,Classic Cash: Hall of Fame Series,1959,Harmonix,1,1,0,3,3,1,-1,-1,3,3,-1,FALSE,TRUE,TRUE,FALSE,"drums_1.ogg, drums_2.ogg, guitar.ogg, keys.ogg, rhythm.ogg, song.ogg, vocals.ogg",0 0 0 0 0 0,0 0 0 0,0 0 0 0 0 0,0 0 0 0,matched
Johnny Cash - Folsom Prison Blues,Folsom Prison Blues,Johnny Cash,Classic Cash: Hall of Fame Series,1957,Harmonix,4,2,2,1,0,5,-1,-1,3,5,-1,FALSE,TRUE,TRUE,FALSE,"drums_1.ogg, drums_2.ogg, guitar.ogg, keys.ogg, rhythm.ogg, song.ogg, vocals.ogg",0 0 0 0 0 0,0 0 0 0,0 0 0 0 0 0,0 0 0 0,matched
Johnny Cash - I Got Stripes,I Got Stripes,Johnny Cash,Classic Cash: Hall of Fame Series,1959,Harmonix,1,3,1,3,2,3,-1,-1,2,3,3,FALSE,TRUE,TRUE,TRUE,"drums_1.ogg, drums_2.ogg, guitar.ogg, keys.ogg, rhythm.ogg, song.ogg, vocals.ogg",0 0 0 0 0 0,0 0 0 0,0 0 0 0 0 0,0 0 0 0,matched
Johnny Cash - I Walk the Line,I Walk the Line,Johnny Cash,Classic Cash: Hall of Fame Series,1957,Harmonix,1,1,1,3,3,3,0,1,3,3,-1,TRUE,TRUE,TRUE,FALSE,"drums_1.ogg, drums_2.ogg, guitar.ogg, keys.ogg, rhythm.ogg, song.ogg, vocals.ogg",0 0 0 0 0 0,0 0 0 0,0 0 0 0 0 0,0 0 0 0,matched
Johnny Cash - Ring of Fire,Ring of Fire,Johnny Cash,Ring of Fire: The Best of Johnny Cash,1963,Harmonix,4,1,1,4,-1,2,-1,-1,-1,4,-1,FALSE,FALSE,TRUE,FALSE,"drums_1.ogg, drums_2.ogg, guitar.ogg, rhythm.ogg, song.ogg, vocals.ogg",0 0 0 0 0 0,0 0 0 0,0 0 0 0 0 0,0 0 0 0,matched
Johnny Cash - Ring of Fire (RB3 version),Ring of Fire (RB3 version),Johnny Cash,Ring of Fire: The Best of Johnny Cash,1963,Harmonix,4,1,1,4,6,2,-1,-1,4,4,-1,FALSE,TRUE,TRUE,FALSE,"drums_1.ogg, drums_2.ogg, guitar.ogg, keys.ogg, rhythm.ogg, song.ogg, vocals.ogg",0 0 0 0 0 0,0 0 0 0,0 0 0 0 0 0,0 0 0 0,matched
Johnny Cash - Tennessee Flat Top Box,Tennessee Flat Top Box,Johnny Cash,Classic Cash: Hall of Fame Series,1957,Harmonix,3,4,1,4,2,1,4,1,2,4,-1,TRUE,TRUE,TRUE,FALSE,"drums_1.ogg, drums_2.ogg, drums_3.ogg, guitar.ogg, keys.ogg, rhythm.ogg, song.ogg, vocals.ogg",0 0 0 0 0 0,0 0 0 0,0 0 0 0 0 0,0 0 0 0,matched
Johnny Cash - The Ballad of Ira Hayes,The Ballad of Ira Hayes,Johnny Cash,Classic Cash: Hall of Fame Series,1964,Harmonix,1,2,1,3,1,1,-1,-1,1,3,-1,FALSE,TRUE,TRUE,FALSE,"drums_1.ogg, drums_2.ogg, guitar.ogg, keys.ogg, rhythm.ogg, song.ogg, vocals.ogg",0 0 0 0 0 0,0 0 0 0,0 0 0 0 0 0,0 0 0 0,matched
Johnny Cooper - Don't Feel Like That Anymore (RB3 version),Don't Feel Like That Anymore (RB3 Version),Johnny Cooper,Follow,2009,Harmonix,4,3,2,3,-1,2,3,3,-1,3,-1,TRUE,FALSE,TRUE,FALSE,"drums_1.ogg, drums_2.ogg, drums_3.ogg, guitar.ogg, rhythm.ogg, song.ogg, vocals.ogg",0 0 0 0 0 0,0 0 0 0,Unknown,Unknown,matched_no_artist_filter_no_guitar_or_bass_track
"John & Yoko, The Plastic Ono Band - Happy Xmas (War is Over)",Happy Xmas (War is Over),"John & Yoko, The Plastic Ono Band",Happy Xmas (War is Over),1971,Harmonix,1,1,0,1,4,2,-1,-1,4,1,2,FALSE,TRUE,TRUE,TRUE,"drums.ogg, guitar.ogg, keys.ogg, rhythm.ogg, song.ogg, vocals.ogg",0 0 0 0 0 0,0 0 0 0,0 0 0 0 0 0,0 0 0 0,matched_no_artist_filter
Joy Division - Love Will Tear Us Apart,Love Will Tear Us Apart,Joy Division,Love Will Tear Us Apart,1980,Harmonix,2,1,3,5,0,1,1,2,0,5,-1,TRUE,TRUE,TRUE,FALSE,"drums_1.ogg, drums_2.ogg, drums_3.ogg, guitar.ogg, keys.ogg, rhythm.ogg, song.ogg, vocals.ogg",-2 0 0 0 0 0,0 0 0 0,0 0 0 0 0 0,0 0 0 0,matched
Juanes - Me Enamora,Me Enamora,Juanes,La Vida... Es un Ratico,2007,Harmonix,4,1,1,4,4,6,2,6,4,4,6,TRUE,TRUE,TRUE,TRUE,"drums_1.ogg, drums_2.ogg, drums_3.ogg, guitar.ogg, keys.ogg, rhythm.ogg, song.ogg, vocals.ogg",0 0 0 0 0 0,0 0 0 0,0 0 0 0 0 0,0 0 0 0,matched
Justin Moore - Backwoods,Backwoods,Justin Moore,Justin Moore,2009,Harmonix,1,2,3,2,-1,3,-1,-1,-1,2,3,FALSE,FALSE,TRUE,TRUE,"drums_1.ogg, drums_2.ogg, guitar.ogg, rhythm.ogg, song.ogg, vocals.ogg",0 0 0 0 0 0,0 0 0 0,-1 -1 -1 -1 -1 -1,-1 -1 -1 -1,matched
Justin Moore - Backwoods (RB3 version),Backwoods (RB3 version),Justin Moore,Justin Moore,2009,Harmonix,1,2,3,2,4,3,-1,-1,3,2,3,FALSE,TRUE,TRUE,TRUE,"drums_1.ogg, drums_2.ogg, guitar.ogg, keys.ogg, rhythm.ogg, song.ogg, vocals.ogg",0 0 0 0 0 0,0 0 0 0,-1 -1 -1 -1 -1 -1,-1 -1 -1 -1,matched
Keith Urban - Kiss a Girl,Kiss a Girl,Keith Urban,Defying Gravity,2009,Harmonix,1,3,2,2,-1,3,-1,-1,-1,2,3,FALSE,FALSE,TRUE,TRUE,"drums_1.ogg, drums_2.ogg, drums_3.ogg, guitar.ogg, rhythm.ogg, song.ogg, vocals.ogg",0 0 0 0 0 0,0 0 0 0,0 0 0 0 0 0,0 0 0 0,matched
Keith Urban - Kiss a Girl (RB3 version),Kiss a Girl (RB3 version),Keith Urban,Defying Gravity,2009,Harmonix,1,3,2,2,5,3,-1,-1,4,2,3,FALSE,TRUE,TRUE,TRUE,"drums_1.ogg, drums_2.ogg, drums_3.ogg, guitar.ogg, keys.ogg, rhythm.ogg, song.ogg, vocals.ogg",0 0 0 0 0 0,0 0 0 0,0 0 0 0 0 0,0 0 0 0,matched
Kenny Loggins - Footloose,Footloose,Kenny Loggins,The Essential Kenny Loggins,1984,Harmonix,4,4,5,3,2,5,4,5,2,3,5,TRUE,TRUE,TRUE,TRUE,"drums_1.ogg, drums_2.ogg, guitar.ogg, keys.ogg, rhythm.ogg, song.ogg, vocals.ogg",0 0 0 0 0 0,0 0 0 0,0 0 0 0 0 0,0 0 0 0,matched
Kenny Loggins - I'm Alright,I'm Alright,Kenny Loggins,The Essential Kenny Loggins,1980,Harmonix,3,3,3,3,-1,6,-1,-1,-1,3,-1,FALSE,FALSE,TRUE,FALSE,"drums_1.ogg, drums_2.ogg, guitar.ogg, rhythm.ogg, song.ogg, vocals.ogg",0 0 0 0 0 0,0 0 0 0,0 0 0 0 0 0,0 0 0 0,matched
Killswitch Engage - Starting Over (2x Bass Pedal Expert+),Starting Over,Killswitch Engage,Killswitch Engage,2009,Harmonix,2,5,3,3,0,2,-1,-1,1,3,2,FALSE,TRUE,TRUE,TRUE,"drums_1.ogg, drums_2.ogg, guitar.ogg, keys.ogg, rhythm.ogg, song.ogg, vocals.ogg",0 0 0 0 0 0,0 0 0 0,-4 -2 -2 -2 -2 -2,-4 -2 -2 -2,matched
Killswitch Engage - The Arms of Sorrow (2x Bass Pedal Expert+),The Arms of Sorrow,Killswitch Engage,As Daylight Dies,2006,Harmonix,3,4,3,4,-1,3,-1,-1,-1,4,3,FALSE,FALSE,TRUE,TRUE,"drums_1.ogg, drums_2.ogg, drums_3.ogg, guitar.ogg, rhythm.ogg, song.ogg, vocals.ogg",0 0 0 0 0 0,0 0 0 0,-4 -2 -2 -2 -2 -2,-4 -2 -2 -2,matched
Killswitch Engage - The End of Heartache (2x Bass Pedal Expert+),The End of Heartache,Killswitch Engage,The End of Heartache,2004,Harmonix,3,4,3,3,-1,2,4,2,-1,3,2,TRUE,FALSE,TRUE,TRUE,"drums_1.ogg, drums_2.ogg, drums_3.ogg, guitar.ogg, rhythm.ogg, song.ogg, vocals.ogg",0 0 0 0 0 0,0 0 0 0,-4 -2 -2 -2 -2 -2,-4 -2 -2 -2,matched
KISS - Rock and Roll All Nite (Live),Rock and Roll All Nite (Live),KISS,Dressed to Kill Tour,1975,Harmonix,4,4,4,4,-1,2,4,3,-1,4,2,TRUE,FALSE,TRUE,TRUE,"drums_1.ogg, drums_2.ogg, drums_3.ogg, guitar.ogg, rhythm.ogg, song.ogg, vocals.ogg",0 0 0 0 0 0,0 0 0 0,-1 -1 -1 -1 -1 -1,-1 -1 -1 -1,matched
KISS - Strutter (Live),Strutter (Live),KISS,Dressed to Kill Tour,1975,Harmonix,4,4,4,4,-1,3,-1,-1,-1,4,3,FALSE,FALSE,TRUE,TRUE,"drums_1.ogg, drums_2.ogg, drums_3.ogg, guitar.ogg, rhythm.ogg, song.ogg, vocals.ogg",0 0 0 0 0 0,0 0 0 0,-1 -1 -1 -1 -1 -1,-1 -1 -1 -1,matched
KoRn - Falling Away from Me,Falling Away from Me,KoRn,Issues,1999,Harmonix,2,2,2,3,-1,4,-1,-1,-1,3,4,FALSE,FALSE,TRUE,TRUE,"drums_1.ogg, drums_2.ogg, guitar.ogg, rhythm.ogg, song.ogg, vocals.ogg",0 0 0 0 0 0,0 0 0 0,-2 -2 -2 -2 -2 -2 -2,-2 -2 -2 -2 -2,matched
KoRn - Freak on a Leash,Freak on a Leash,KoRn,Follow the Leader,1998,Harmonix,1,1,2,3,0,3,-1,-1,0,3,3,FALSE,TRUE,TRUE,TRUE,"drums_1.ogg, drums_2.ogg, drums_3.ogg, guitar.ogg, keys.ogg, rhythm.ogg, song.ogg, vocals.ogg",0 0 0 0 0 0,0 0 0 0,-2 -2 -2 -2 -2 -2 -2,-2 -2 -2 -2 -2,matched
Lady Antebellum - Need You Now,Need You Now,Lady Antebellum,Need You Now,2010,Harmonix,1,1,2,1,1,3,-1,-1,1,1,3,FALSE,TRUE,TRUE,TRUE,"drums_1.ogg, drums_2.ogg, drums_3.ogg, guitar.ogg, keys.ogg, rhythm.ogg, song.ogg, vocals.ogg",0 0 0 0 0 0,0 0 0 0,0 0 0 0 0 0,0 0 0 0,matched
Lady Antebellum - Perfect Day,Perfect Day,Lady Antebellum,Need You Now,2010,Harmonix,5,5,3,4,-1,2,-1,-1,-1,4,2,FALSE,FALSE,TRUE,TRUE,"drums_1.ogg, drums_2.ogg, drums_3.ogg, guitar.ogg, rhythm.ogg, song.ogg, vocals.ogg",0 0 0 0 0 0,0 0 0 0,Unknown,Unknown,matched_no_guitar_or_bass_track
Lady Antebellum - Perfect Day (RB3 version),Perfect Day (RB3 version),Lady Antebellum,Need You Now,2010,Harmonix,5,5,3,4,5,2,-1,-1,5,4,2,FALSE,TRUE,TRUE,TRUE,"drums_1.ogg, drums_2.ogg, drums_3.ogg, guitar.ogg, keys.ogg, rhythm.ogg, song.ogg, vocals.ogg",0 0 0 0 0 0,0 0 0 0,Unknown,Unknown,matched_no_guitar_or_bass_track
Lady Gaga - Born This Way,Born This Way,Lady Gaga,Born This Way,2011,Harmonix,5,3,3,4,4,4,-1,-1,4,4,4,FALSE,TRUE,TRUE,TRUE,"drums_1.ogg, drums_2.ogg, guitar.ogg, keys.ogg, rhythm.ogg, song.ogg, vocals.ogg",0 0 0 0 0 0,0 0 0 0,0 0 0 0 0 0,0 0 0 0,matched
Lady Gaga - LoveGame,LoveGame,Lady Gaga,The Fame,2008,Harmonix,2,-1,2,3,3,3,-1,-1,3,3,3,FALSE,TRUE,TRUE,TRUE,"drums_1.ogg, drums_2.ogg, drums_3.ogg, keys.ogg, rhythm.ogg, song.ogg, vocals.ogg",0 0 0 0 0 0,0 0 0 0,0 0 0 0 0 0,0 0 0 0,matched
Lady Gaga - Paparazzi,Paparazzi,Lady Gaga,The Fame,2008,Harmonix,1,0,2,2,2,2,-1,-1,2,2,2,FALSE,TRUE,TRUE,TRUE,"drums_1.ogg, drums_2.ogg, guitar.ogg, keys.ogg, rhythm.ogg, song.ogg, vocals.ogg",0 0 0 0 0 0,0 0 0 0,Unknown,0 0 0 0,matched
Laura Bell Bundy - Giddy On Up,Giddy On Up,Laura Bell Bundy,Achin' and Shakin',2010,Harmonix,4,5,3,3,-1,3,-1,-1,-1,3,3,FALSE,FALSE,TRUE,TRUE,"drums_1.ogg, drums_2.ogg, drums_3.ogg, guitar.ogg, rhythm.ogg, song.ogg, vocals.ogg",0 0 0 0 0 0,0 0 0 0,0 0 0 0 0 0,0 0 0 0,matched
Laura Bell Bundy - Giddy On Up (RB3 version),Giddy On Up (RB3 version),Laura Bell Bundy,Achin' and Shakin',2010,Harmonix,4,5,3,3,1,3,-1,-1,0,3,3,FALSE,TRUE,TRUE,TRUE,"drums_1.ogg, drums_2.ogg, drums_3.ogg, guitar.ogg, keys.ogg, rhythm.ogg, song.ogg, vocals.ogg",0 0 0 0 0 0,0 0 0 0,0 0 0 0 0 0,0 0 0 0,matched
Limp Bizkit - Gold Cobra,Gold Cobra,Limp Bizkit,Gold Cobra,2011,Harmonix,1,2,3,3,1,2,-1,-1,1,3,2,FALSE,TRUE,TRUE,TRUE,"drums_1.ogg, drums_2.ogg, guitar.ogg, keys.ogg, rhythm.ogg, song.ogg, vocals.ogg",0 0 0 0 0 0,0 0 0 0,-3 -3 -3 -3 -3 -3,-3 -3 -3 -3 -3,matched
Limp Bizkit - My Way,My Way,Limp Bizkit,Chocolate Starfish and the Hot Dog Flavored Water,2000,Harmonix,2,3,2,4,1,2,-1,-1,1,4,-1,FALSE,TRUE,TRUE,FALSE,"drums_1.ogg, drums_2.ogg, drums_3.ogg, guitar.ogg, keys.ogg, rhythm.ogg, song.ogg, vocals.ogg",0 0 0 0 0 0,0 0 0 0,-3 -3 -3 -3 -3 -3,-1 -3 -3 -3 -3,matched
Limp Bizkit - Nookie,Nookie,Limp Bizkit,Significant Other,1999,Harmonix,2,3,3,4,0,2,2,2,0,4,2,TRUE,TRUE,TRUE,TRUE,"drums_1.ogg, drums_2.ogg, drums_3.ogg, guitar.ogg, keys.ogg, rhythm.ogg, song.ogg, vocals.ogg",-7 0 0 0 0 0,0 0 0 0,-20 -13 -12 -12,-1 -3 -3 -3 -3,matched
Limp Bizkit - Re-Arranged,Re-Arranged,Limp Bizkit,Significant Other,1999,Harmonix,4,5,3,4,0,1,-1,-1,0,4,1,FALSE,TRUE,TRUE,TRUE,"drums_1.ogg, drums_2.ogg, guitar.ogg, keys.ogg, rhythm.ogg, song.ogg, vocals.ogg",0 0 0 0 0 0,0 0 0 0,-3 -3 -3 -3 -3 -3,-3 -3 -3 -3 -3,matched
Linea 77 - Fantasma,Fantasma,Linea 77,Numb,2003,Harmonix,4,4,3,4,0,2,-1,-1,0,4,2,FALSE,TRUE,TRUE,TRUE,"drums_1.ogg, drums_2.ogg, drums_3.ogg, guitar.ogg, keys.ogg, rhythm.ogg, song.ogg, vocals.ogg",0 0 0 0 0 0,0 0 0 0,0 0 0 0 0 0,Unknown,matched
Linkin Park - Breaking the Habit,Breaking the Habit,Linkin Park,Meteora,2003,Harmonix,2,3,0,5,1,2,-1,-1,2,5,2,FALSE,TRUE,TRUE,TRUE,"drums.ogg, guitar.ogg, keys.ogg, rhythm.ogg, song.ogg, vocals.ogg",0 0 0 0 0 0,0 0 0 0,-3 -1 -1 -1 -1 -1,-3 -1 -1 -1,matched
Linkin Park - Burn It Down,Burn It Down,Linkin Park,Living Things,2012,Harmonix,0,0,0,2,0,2,-1,-1,0,2,2,FALSE,TRUE,TRUE,TRUE,"drums.ogg, guitar.ogg, keys.ogg, rhythm.ogg, song.ogg, vocals.ogg",0 0 0 0 0 0,0 0 0 0,-2 0 0 0 0 0,-2 0 0 0,matched
Linkin Park - Crawling,Crawling,Linkin Park,Hybrid Theory,2000,Harmonix,2,2,1,4,0,2,-1,-1,1,4,2,FALSE,TRUE,TRUE,TRUE,"drums_1.ogg, drums_2.ogg, drums_3.ogg, guitar.ogg, keys.ogg, rhythm.ogg, song.ogg, vocals.ogg",0 0 0 0 0 0,0 0 0 0,-3 -1 -1 -1 -1 -1,-3 -1 -1 -1,matched
Linkin Park - In the End,In the End,Linkin Park,Hybrid Theory,2000,Harmonix,1,1,2,4,1,2,0,2,1,4,2,TRUE,TRUE,TRUE,TRUE,"drums_1.ogg, drums_2.ogg, drums_3.ogg, guitar.ogg, keys.ogg, rhythm.ogg, song.ogg, vocals.ogg",-2 0 0 0 0 0,0 0 0 0,-3 -1 -1 -1 -1 -1,-5 -3 -3 -3,matched
Linkin Park - New Divide,New Divide,Linkin Park,Transformers: Revenge of the Fallen - The Album,2009,Harmonix,0,1,1,2,2,2,1,0,2,2,2,TRUE,TRUE,TRUE,TRUE,"drums.ogg, guitar.ogg, keys.ogg, rhythm.ogg, song.ogg, vocals.ogg",0 0 0 0 0 0,0 0 0 0,-3 -1 -1 -1 -1 -1,-3 -1 -1 -1,matched
Linkin Park - Numb,Numb,Linkin Park,Meteora,2003,Harmonix,1,1,0,4,0,3,-1,-1,1,4,3,FALSE,TRUE,TRUE,TRUE,"drums.ogg, guitar.ogg, keys.ogg, rhythm.ogg, song.ogg, vocals.ogg",0 0 0 0 0 0,0 0 0 0,-3 -1 -1 -1 -1 -1,-3 -1 -1 -1,matched
Linkin Park - Shadow of the Day,Shadow of the Day,Linkin Park,Minutes to Midnight,2007,Harmonix,1,2,1,2,1,1,-1,-1,1,2,1,FALSE,TRUE,TRUE,TRUE,"drums.ogg, guitar.ogg, keys.ogg, rhythm.ogg, song.ogg, vocals.ogg",0 0 0 0 0 0,0 0 0 0,-3 -1 -1 -1 -1 -1,-3 -1 -1 -1,matched
Linkin Park - Somewhere I Belong,Somewhere I Belong,Linkin Park,Meteora,2003,Harmonix,1,1,1,3,2,2,-1,-1,2,3,2,FALSE,TRUE,TRUE,TRUE,"drums_1.ogg, drums_2.ogg, drums_3.ogg, guitar.ogg, keys.ogg, rhythm.ogg, song.ogg, vocals.ogg",0 0 0 0 0 0,0 0 0 0,-6 -6 -6 -6 -6 -6,-1 -1 -1 -1 -1,matched
Linkin Park - Waiting for the End,Waiting for the End,Linkin Park,A Thousand Suns,2010,Harmonix,1,2,1,4,1,3,-1,-1,1,4,3,FALSE,TRUE,TRUE,TRUE,"drums.ogg, guitar.ogg, keys.ogg, rhythm.ogg, song.ogg, vocals.ogg",0 0 0 0 0 0,0 0 0 0,0 0 0 0 0 0,0 0 0 0,matched
Linkin Park - What I've Done,What I've Done,Linkin Park,Minutes to Midnight,2007,Harmonix,1,1,0,3,0,3,1,0,0,3,3,TRUE,TRUE,TRUE,TRUE,"drums.ogg, guitar.ogg, keys.ogg, rhythm.ogg, song.ogg, vocals.ogg",0 0 0 0 0 0,0 0 0 0,0 0 0 0 0 0,-2 0 0 0,matched
Litfiba - Proibito,Proibito,Litfiba,El Diablo,1990,Harmonix,2,4,2,3,1,3,-1,-1,2,3,3,FALSE,TRUE,TRUE,TRUE,"drums_1.ogg, drums_2.ogg, drums_3.ogg, guitar.ogg, keys.ogg, rhythm.ogg, song.ogg, vocals.ogg",0 0 0 0 0 0,0 0 0 0,0 0 0 0 0 0,0 0 0 0,matched
Live - I Alone,I Alone,Live,Throwing Copper,1994,Harmonix,3,2,3,3,-1,3,-1,-1,-1,3,3,FALSE,FALSE,TRUE,TRUE,"drums_1.ogg, drums_2.ogg, guitar.ogg, rhythm.ogg, song.ogg, vocals.ogg",0 0 0 0 0 0,0 0 0 0,-1 -1 -1 -1 -1 -1,-1 -1 -1 -1,matched
Live - Lightning Crashes,Lightning Crashes,Live,Throwing Copper,1994,Harmonix,4,3,3,4,-1,3,-1,-1,-1,4,3,FALSE,FALSE,TRUE,TRUE,"drums_1.ogg, drums_2.ogg, drums_3.ogg, guitar.ogg, rhythm.ogg, song.ogg, vocals.ogg",0 0 0 0 0 0,0 0 0 0,-1 -1 -1 -1 -1 -1,-1 -1 -1 -1,matched
Lordi - Hard Rock Hallelujah,Hard Rock Hallelujah,Lordi,The Arockalypse,2006,Harmonix,2,3,2,3,3,3,-1,-1,3,3,3,FALSE,TRUE,TRUE,TRUE,"drums_1.ogg, drums_2.ogg, drums_3.ogg, guitar.ogg, keys.ogg, rhythm.ogg, song.ogg, vocals.ogg",0 0 0 0 0 0,0 0 0 0,-2 -2 -2 -2 -2 -2,-2 -2 -2 -2,matched
Loverboy - Working for the Weekend,Working for the Weekend,Loverboy,Get Lucky,1981,Harmonix,3,2,3,4,3,3,-1,-1,3,4,3,FALSE,TRUE,TRUE,TRUE,"drums_1.ogg, drums_2.ogg, drums_3.ogg, guitar.ogg, keys.ogg, rhythm.ogg, song.ogg, vocals.ogg",0 0 0 0 0 0,0 0 0 0,0 0 0 0 0 0,0 0 0 0,matched
Luke Bryan - Rain Is a Good Thing,Rain Is a Good Thing,Luke Bryan,Doin' My Thing,2009,Harmonix,4,4,1,4,-1,3,-1,-1,-1,4,3,FALSE,FALSE,TRUE,TRUE,"drums_1.ogg, drums_2.ogg, drums_3.ogg, guitar.ogg, rhythm.ogg, song.ogg, vocals.ogg",0 0 0 0 0 0,0 0 0 0,0 0 0 0 0 0,0 0 0 0,matched
Luke Bryan - Rain Is a Good Thing (RB3 version),Rain Is a Good Thing (RB3 version),Luke Bryan,Doin' My Thing,2009,Harmonix,4,4,1,4,4,3,-1,-1,3,4,3,FALSE,TRUE,TRUE,TRUE,"drums_1.ogg, drums_2.ogg, drums_3.ogg, guitar.ogg, keys.ogg, rhythm.ogg, song.ogg, vocals.ogg",0 0 0 0 0 0,0 0 0 0,0 0 0 0 0 0,0 0 0 0,matched
Lynyrd Skynyrd - Free Bird,Free Bird,Lynyrd Skynyrd,(pronounced 'leh-'nérd 'skin-'nérd),1973,Harmonix,6,6,6,3,6,0,6,6,6,3,-1,TRUE,TRUE,TRUE,FALSE,"drums.ogg, guitar.ogg, keys.ogg, rhythm.ogg, song.ogg, vocals.ogg",0 0 0 0 0 0,0 0 0 0,0 0 0 0 0 0,0 0 0 0,matched
Lynyrd Skynyrd - Saturday Night Special,Saturday Night Special,Lynyrd Skynyrd,Nuthin' Fancy,1975,Harmonix,4,5,3,4,3,2,3,2,2,4,2,TRUE,TRUE,TRUE,TRUE,"drums_1.ogg, drums_2.ogg, drums_3.ogg, guitar.ogg, keys.ogg, rhythm.ogg, song.ogg, vocals.ogg",0 0 0 0 0 0,0 0 0 0,0 0 0 0 0 0,0 0 0 0,matched
Lynyrd Skynyrd - Sweet Home Alabama (Live),Sweet Home Alabama (Live),Lynyrd Skynyrd,One More from the Road,1976,Harmonix,5,6,5,3,6,3,-1,-1,6,3,3,FALSE,TRUE,TRUE,TRUE,"drums_1.ogg, drums_2.ogg, guitar.ogg, keys.ogg, rhythm.ogg, song.ogg, vocals.ogg",0 0 0 0 0 0,0 0 0 0,0 0 0 0 0 0,0 0 0 0,matched
Lynyrd Skynyrd - Tuesday's Gone,Tuesday's Gone,Lynyrd Skynyrd,(pronounced 'leh-'nérd 'skin-'nérd),1973,Harmonix,5,4,4,3,5,3,-1,-1,5,3,3,FALSE,TRUE,TRUE,TRUE,"drums_1.ogg, drums_2.ogg, guitar.ogg, keys.ogg, rhythm.ogg, song.ogg, vocals.ogg",0 0 0 0 0 0,0 0 0 0,0 0 0 0 0 0,0 0 0 0,matched
Lynyrd Skynyrd - What's Your Name,What's Your Name?,Lynyrd Skynyrd,Street Survivors,1977,Harmonix,5,5,3,2,5,3,5,3,5,2,3,TRUE,TRUE,TRUE,TRUE,"drums_1.ogg, drums_2.ogg, guitar.ogg, keys.ogg, rhythm.ogg, song.ogg, vocals.ogg",0 0 0 0 0 0,0 0 0 0,0 0 0 0 0 0,0 0 0 0,matched
Man  - Oye Mi Amor,Oye Mi Amor,Maná,¿Dónde Jugarán los Niños?,1992,Harmonix,0,1,1,3,2,4,5,1,2,3,4,TRUE,TRUE,TRUE,TRUE,"drums_1.ogg, drums_2.ogg, drums_3.ogg, guitar.ogg, keys.ogg, rhythm.ogg, song.ogg, vocals.ogg",0 0 0 0 0 0,0 0 0 0,0 0 0 0 0 0,0 0 0 0,matched
Marcy Playground - Sex and Candy,Sex and Candy,Marcy Playground,Marcy Playground,1997,Harmonix,1,1,1,2,-1,2,0,1,-1,2,-1,TRUE,FALSE,TRUE,FALSE,"drums_1.ogg, drums_2.ogg, guitar.ogg, rhythm.ogg, song.ogg, vocals.ogg",0 0 0 0 0 0,0 0 0 0,0 0 0 0 0 0,0 0 0 0,matched
Marilyn Manson - The Beautiful People,The Beautiful People,Marilyn Manson,Antichrist Superstar,1996,Harmonix,3,3,3,5,0,2,0,0,0,5,2,TRUE,TRUE,TRUE,TRUE,"drums_1.ogg, drums_2.ogg, drums_3.ogg, guitar.ogg, keys.ogg, rhythm.ogg, song.ogg, vocals.ogg",0 0 0 0 0 0,0 0 0 0,-2 0 0 0 0 0,-2 0 0 0,matched
Maroon 5 - Misery,Misery,Maroon 5,Hands All Over,2010,Harmonix,4,4,3,2,3,5,-1,-1,3,2,5,FALSE,TRUE,TRUE,TRUE,"drums_1.ogg, drums_2.ogg, guitar.ogg, keys.ogg, rhythm.ogg, song.ogg, vocals.ogg",0 0 0 0 0 0,0 0 0 0,0 0 0 0 0 0,0 0 0 0,matched
Maroon 5 - This Love,This Love,Maroon 5,Songs About Jane,2002,Harmonix,3,4,2,3,2,4,1,1,2,3,4,TRUE,TRUE,TRUE,TRUE,"drums.ogg, guitar.ogg, keys.ogg, rhythm.ogg, song.ogg, vocals.ogg",0 0 0 0 0 0,-2 0 0 0,0 0 0 0 0 0,0 0 0 0 0,matched
Maroon 5 - Won't Go Home Without You,Won't Go Home Without You,Maroon 5,It Won't Be Soon Before Long,2007,Harmonix,1,2,1,2,1,2,-1,-1,1,2,2,FALSE,TRUE,TRUE,TRUE,"drums_1.ogg, drums_2.ogg, guitar.ogg, keys.ogg, rhythm.ogg, song.ogg, vocals.ogg",0 0 0 0 0 0,0 0 0 0,-1 -1 -1 -1 -1 -1,-1 -1 -1 -1,matched
Mastodon - Blood and Thunder (2x Bass Pedal Expert+),Blood and Thunder,Mastodon,Leviathan,2004,Harmonix,5,5,4,5,-1,1,3,4,-1,5,1,TRUE,FALSE,TRUE,TRUE,"drums_1.ogg, drums_2.ogg, drums_3.ogg, guitar.ogg, rhythm.ogg, song.ogg, vocals.ogg",0 0 0 0 0 0,0 0 0 0,-2 -2 -2 -2 -2 -2,-2 -2 -2 -2,matched
Mastodon - Curl of the Burl,Curl of the Burl,Mastodon,The Hunter,2011,Harmonix,4,3,3,4,-1,2,-1,-1,-1,4,2,FALSE,FALSE,TRUE,TRUE,"drums_1.ogg, drums_2.ogg, drums_3.ogg, guitar.ogg, rhythm.ogg, song.ogg, vocals.ogg",0 0 0 0 0 0,0 0 0 0,-7 -2 -2 -2 -2 -2,-7 -2 -2 -2,matched
Matchbox Twenty - Bent,Bent,Matchbox Twenty,Mad Season,2000,Harmonix,3,2,3,3,1,5,-1,-1,1,3,-1,FALSE,TRUE,TRUE,FALSE,"drums_1.ogg, drums_2.ogg, guitar.ogg, keys.ogg, rhythm.ogg, song.ogg, vocals.ogg",0 0 0 0 0 0,0 0 0 0,0 0 0 0 0 0,Unknown,matched
Matchbox Twenty - How Far We've Come,How Far We've Come,Matchbox Twenty,Exile on Mainstream,2007,Harmonix,2,2,2,5,1,3,2,1,1,5,-1,TRUE,TRUE,TRUE,FALSE,"drums_1.ogg, drums_2.ogg, guitar.ogg, keys.ogg, rhythm.ogg, song.ogg, vocals.ogg",0 0 0 0 0 0,0 0 0 0,Unknown,0 0 0 0,matched
Matchbox Twenty - She's So Mean,She's So Mean,Matchbox Twenty,North,2012,Harmonix,2,2,2,3,1,5,-1,-1,1,3,-1,FALSE,TRUE,TRUE,FALSE,"drums_1.ogg, drums_2.ogg, guitar.ogg, keys.ogg, rhythm.ogg, song.ogg, vocals.ogg",0 0 0 0 0 0,0 0 0 0,0 0 0 0 0 0,0 0 0 0,matched
Meat Loaf - Paradise by the Dashboard Light,Paradise by the Dashboard Light,Meat Loaf,Bat Out of Hell,1977,Harmonix,6,5,5,5,6,5,-1,-1,6,5,5,FALSE,TRUE,TRUE,TRUE,"drums_1.ogg, drums_2.ogg, drums_3.ogg, guitar.ogg, keys.ogg, rhythm.ogg, song.ogg, vocals.ogg",0 0 0 0 0 0,0 0 0 0,-2 0 0 0 0 0,0 0 0 0,matched
Megadeth - A Tout le Monde (2x Bass Pedal Expert+),A Tout le Monde,Megadeth,Youthanasia,1994,Harmonix,1,3,1,2,-1,2,-1,-1,-1,2,-1,FALSE,FALSE,TRUE,FALSE,"drums_1.ogg, drums_2.ogg, guitar.ogg, rhythm.ogg, song.ogg, vocals.ogg",0 0 0 0 0 0,0 0 0 0,-1 -1 -1 -1 -1 -1,-1 -1 -1 -1 -1,matched
Megadeth - Public Enemy No. 1 (2x Bass Pedal Expert+),Public Enemy No. 1,Megadeth,TH1RT3EN,2011,Harmonix,5,6,3,4,-1,2,-1,-1,-1,4,2,FALSE,FALSE,TRUE,TRUE,"drums_1.ogg, drums_2.ogg, drums_3.ogg, guitar.ogg, rhythm.ogg, song.ogg, vocals.ogg",0 0 0 0 0 0,0 0 0 0,0 0 0 0 0 0,0 0 0 0 0,matched
Megadeth - Symphony of Destruction,Symphony of Destruction,Megadeth,Countdown to Extinction,1992,Harmonix,2,4,3,2,-1,2,4,2,-1,2,2,TRUE,FALSE,TRUE,TRUE,"drums_1.ogg, drums_2.ogg, drums_3.ogg, guitar.ogg, rhythm.ogg, song.ogg, vocals.ogg",0 0 0 0 0 0,0 0 0 0,0 0 0 0 0 0,0 0 0 0,matched
Men at Work - Down Under,Down Under,Men at Work,Business as Usual,1982,Harmonix,2,2,1,3,4,4,-1,-1,4,3,4,FALSE,TRUE,TRUE,TRUE,"drums_1.ogg, drums_2.ogg, guitar.ogg, keys.ogg, rhythm.ogg, song.ogg, vocals.ogg",0 0 0 0 0 0,0 0 0 0,0 0 0 0 0 0,0 0 0 0,matched
Men at Work - Overkill,Overkill,Men at Work,Cargo,1983,Harmonix,2,3,2,2,2,4,-1,-1,2,2,4,FALSE,TRUE,TRUE,TRUE,"drums_1.ogg, drums_2.ogg, guitar.ogg, keys.ogg, rhythm.ogg, song.ogg, vocals.ogg",0 0 0 0 0 0,0 0 0 0,0 0 0 0 0 0,0 0 0 0,matched
Merle Haggard - Mama Tried,Mama Tried,Merle Haggard,Mama Tried,1968,Harmonix,2,4,1,3,-1,2,-1,-1,-1,3,2,FALSE,FALSE,TRUE,TRUE,"drums.ogg, guitar.ogg, rhythm.ogg, song.ogg, vocals.ogg",0 0 0 0 0 0,0 0 0 0,0 0 0 0 0 0,0 0 0 0,matched
Merle Haggard - Mama Tried (RB3 version),Mama Tried (RB3 version),Merle Haggard,Mama Tried,1968,Harmonix,2,4,1,3,-1,2,-1,-1,-1,3,2,FALSE,FALSE,TRUE,TRUE,"drums.ogg, guitar.ogg, rhythm.ogg, song.ogg, vocals.ogg",0 0 0 0 0 0,0 0 0 0,0 0 0 0 0 0,0 0 0 0,matched
Metric - Combat Baby,Combat Baby,Metric,"Old World Underground, Where Are You Now?",2003,Harmonix,1,3,3,3,0,4,3,6,0,3,-1,TRUE,TRUE,TRUE,FALSE,"drums_1.ogg, drums_2.ogg, drums_3.ogg, guitar.ogg, keys.ogg, rhythm.ogg, song.ogg, vocals.ogg",0 0 0 0 0 0,0 0 0 0,0 0 0 0 0 0,0 0 0 0,matched
Midnight Oil - Power and the Passion,Power and the Passion,Midnight Oil,"10, 9, 8, 7, 6, 5, 4, 3, 2, 1",1982,Harmonix,3,2,2,4,2,3,-1,-1,2,4,3,FALSE,TRUE,TRUE,TRUE,"drums_1.ogg, drums_2.ogg, drums_3.ogg, guitar.ogg, keys.ogg, rhythm.ogg, song.ogg, vocals.ogg",0 0 0 0 0 0,0 0 0 0,0 0 0 0 0 0,0 0 0 0,matched
Modern English - I Melt with You,I Melt with You,Modern English,After the Snow,1982,Harmonix,1,2,3,3,1,1,-1,-1,2,3,1,FALSE,TRUE,TRUE,TRUE,"drums_1.ogg, drums_2.ogg, guitar.ogg, keys.ogg, rhythm.ogg, song.ogg, vocals.ogg",0 0 0 0 0 0,0 0 0 0,0 0 0 0 0 0,0 0 0 0,matched
Mr. Big - To Be With You,To Be With You,Mr. Big,Lean Into It,1991,Harmonix,1,2,1,0,-1,5,1,0,-1,0,5,TRUE,FALSE,TRUE,TRUE,"drums_1.ogg, drums_2.ogg, guitar.ogg, rhythm.ogg, song.ogg, vocals.ogg",0 0 0 0 0 0,0 0 0 0,0 0 0 0 0 0,0 0 0 0,matched
Mudvayne - Happy,Happy?,Mudvayne,Lost and Found,2005,Harmonix,4,4,5,5,0,2,4,6,0,5,2,TRUE,TRUE,TRUE,TRUE,"drums_1.ogg, drums_2.ogg, guitar.ogg, keys.ogg, rhythm.ogg, song.ogg, vocals.ogg",0 0 0 0 0 0,0 0 0 0,-4 -2 -2 -2 -2 -2,-4 -4 -2 -2 -2,matched
My Chemical Romance - Helena,Helena,My Chemical Romance,Three Cheers for Sweet Revenge,2004,Harmonix,2,3,2,4,2,3,-1,-1,2,4,3,FALSE,TRUE,TRUE,TRUE,"drums_1.ogg, drums_2.ogg, guitar.ogg, keys.ogg, rhythm.ogg, song.ogg, vocals.ogg",0 0 0 0 0 0,0 0 0 0,0 0 0 0 0 0,0 0 0 0,matched
My Chemical Romance - Sing,Sing,My Chemical Romance,Danger Days: The True Lives of the Fabulous Killjoys,2010,Harmonix,4,2,3,4,3,5,-1,-1,3,4,5,FALSE,TRUE,TRUE,TRUE,"drums.ogg, guitar.ogg, keys.ogg, rhythm.ogg, song.ogg, vocals.ogg",0 0 0 0 0 0,0 0 0 0,0 0 0 0 0 0,0 0 0 0,matched
My Chemical Romance - Teenagers,Teenagers,My Chemical Romance,The Black Parade,2006,Harmonix,2,3,2,3,3,2,3,2,3,3,2,TRUE,TRUE,TRUE,TRUE,"drums_1.ogg, drums_2.ogg, guitar.ogg, keys.ogg, rhythm.ogg, song.ogg, vocals.ogg",0 0 0 0 0 0,0 0 0 0,0 0 0 0 0 0,0 0 0 0,matched
Nazareth - Love Hurts,Love Hurts,Nazareth,The Anthology,1975,Harmonix,0,0,0,0,-1,2,-1,-1,-1,0,2,FALSE,FALSE,TRUE,TRUE,"drums.ogg, guitar.ogg, rhythm.ogg, song.ogg, vocals.ogg",0 0 0 0 0 0,0 0 0 0,0 0 0 0 0 0,0 0 0 0,matched
New Order - Blue Monday (2x Bass Pedal Expert+),Blue Monday,New Order,Blue Monday,1983,Harmonix,1,0,3,4,1,1,0,1,1,4,-1,TRUE,TRUE,TRUE,FALSE,"drums_1.ogg, drums_2.ogg, drums_3.ogg, guitar.ogg, keys.ogg, rhythm.ogg, song.ogg, vocals.ogg",0 0 0 0 0 0,0 0 0 0,Unknown,0 0 0 0 0,matched
Nickelback - Animals (2x Bass Pedal Expert+),Animals,Nickelback,All the Right Reasons,2005,Harmonix,3,3,3,4,-1,3,-1,-1,-1,4,3,FALSE,FALSE,TRUE,TRUE,"drums_1.ogg, drums_2.ogg, guitar.ogg, rhythm.ogg, song.ogg, vocals.ogg",0 0 0 0 0 0,0 0 0 0,-2 0 0 0 0 0,-2 0 0 0,matched
Nickelback - How You Remind Me,How You Remind Me,Nickelback,Silver Side Up,2001,Harmonix,1,2,1,2,-1,3,1,0,-1,2,3,TRUE,FALSE,TRUE,TRUE,"drums_1.ogg, drums_2.ogg, drums_3.ogg, guitar.ogg, rhythm.ogg, song.ogg, vocals.ogg",-2 0 0 0 0 0,-2 0 0 0,-2 0 0 0 0 0,0 0 0 0 0,matched
Nickelback - If Today Was Your Last Day,If Today Was Your Last Day,Nickelback,Dark Horse,2008,Harmonix,1,1,1,3,2,4,-1,-1,2,3,4,FALSE,TRUE,TRUE,TRUE,"drums_1.ogg, drums_2.ogg, drums_3.ogg, guitar.ogg, keys.ogg, rhythm.ogg, song.ogg, vocals.ogg",0 0 0 0 0 0,0 0 0 0,0 0 0 0 0 0,0 0 0 0,matched
Nickelback - Someday,Someday,Nickelback,The Long Road,2003,Harmonix,1,2,1,2,-1,3,-1,-1,-1,2,3,FALSE,FALSE,TRUE,TRUE,"drums_1.ogg, drums_2.ogg, drums_3.ogg, guitar.ogg, rhythm.ogg, song.ogg, vocals.ogg",0 0 0 0 0 0,0 0 0 0,-4 -2 -2 -2 -2 -2,0 0 0 0 0,matched
Nickelback - This Means War (2x Bass Pedal Expert+),This Means War,Nickelback,Here and Now,2011,Harmonix,2,4,3,3,-1,2,-1,-1,-1,3,2,FALSE,FALSE,TRUE,TRUE,"drums_1.ogg, drums_2.ogg, guitar.ogg, rhythm.ogg, song.ogg, vocals.ogg",0 0 0 0 0 0,0 0 0 0,-1 -1 -1 -1 -1 -1 -1,-1 -1 -1 -1 -1,matched
Night Ranger - Sister Christian,Sister Christian,Night Ranger,Midnight Madness,1983,Harmonix,4,5,0,1,5,2,2,0,6,1,2,TRUE,TRUE,TRUE,TRUE,"drums_1.ogg, drums_2.ogg, drums_3.ogg, guitar.ogg, keys.ogg, rhythm.ogg, song.ogg, vocals.ogg",0 0 0 0 0 0,0 0 0 0,0 0 0 0 0 0,0 0 0 0,matched
Nightwish - Amaranth,Amaranth,Nightwish,Dark Passion Play,2007,Harmonix,2,2,2,2,3,5,2,1,3,2,5,TRUE,TRUE,TRUE,TRUE,"drums_1.ogg, drums_2.ogg, drums_3.ogg, guitar.ogg, keys.ogg, rhythm.ogg, song.ogg, vocals.ogg",0 0 0 0 0 0,0 0 0 0,-2 -2 -2 -2 -2 -2,-2 -2 -2 -2,matched
Nine Inch Nails - Closer,Closer,Nine Inch Nails,The Downward Spiral,1994,Harmonix,1,2,2,3,1,3,-1,-1,1,3,3,FALSE,TRUE,TRUE,TRUE,"drums_1.ogg, drums_2.ogg, guitar.ogg, keys.ogg, rhythm.ogg, song.ogg, vocals.ogg",0 0 0 0 0 0,0 0 0 0,-2 0 0 0 0 0,0 0 0 0 0,matched
Nine Inch Nails - Head Like a Hole (2x Bass Pedal Expert+),Head Like a Hole,Nine Inch Nails,Pretty Hate Machine,1989,Harmonix,6,2,5,5,6,3,1,4,6,5,3,TRUE,TRUE,TRUE,TRUE,"drums_1.ogg, drums_2.ogg, drums_3.ogg, guitar.ogg, keys.ogg, rhythm.ogg, song.ogg, vocals.ogg",0 0 0 0 0 0,0 0 0 0,-2 0 0 0 0 0,0 0 0 0 0,matched
Nine Inch Nails - Sanctified,Sanctified,Nine Inch Nails,Pretty Hate Machine,1989,Harmonix,1,2,0,4,1,2,-1,-1,2,4,-1,FALSE,TRUE,TRUE,FALSE,"drums_1.ogg, drums_2.ogg, guitar.ogg, keys.ogg, rhythm.ogg, song.ogg, vocals.ogg",0 0 0 0 0 0,0 0 0 0,0 0 0 0 0 0,0 0 0 0,matched
Nine Inch Nails - Terrible Lie,Terrible Lie,Nine Inch Nails,Pretty Hate Machine,1989,Harmonix,1,0,0,3,3,3,-1,-1,4,3,3,FALSE,TRUE,TRUE,TRUE,"drums_1.ogg, drums_2.ogg, drums_3.ogg, guitar.ogg, keys.ogg, rhythm.ogg, song.ogg, vocals.ogg",0 0 0 0 0 0,0 0 0 0,0 0 0 0 0 0,0 0 0 0,matched
Nine Inch Nails - The Only Time,The Only Time,Nine Inch Nails,Pretty Hate Machine,1989,Harmonix,1,-1,0,2,3,2,-1,-1,1,2,-1,FALSE,TRUE,TRUE,FALSE,"drums_1.ogg, drums_2.ogg, drums_3.ogg, keys.ogg, rhythm.ogg, song.ogg, vocals.ogg",0 0 0 0 0 0,0 0 0 0,Unknown,0 0 0 0,matched
Nirvana - All Apologies,All Apologies,Nirvana,In Utero,1993,Harmonix,1,2,2,2,1,2,-1,-1,1,2,2,FALSE,TRUE,TRUE,TRUE,"drums_1.ogg, drums_2.ogg, guitar.ogg, keys.ogg, rhythm.ogg, song.ogg, vocals.ogg",0 0 0 0 0 0,0 0 0 0,-3 -1 -1 -1 -1 -1,-3 -1 -1 -1,matched
Nirvana - Heart-Shaped Box,Heart-Shaped Box,Nirvana,In Utero,1993,Harmonix,2,2,3,3,-1,3,2,2,-1,3,3,TRUE,FALSE,TRUE,TRUE,"drums_1.ogg, drums_2.ogg, guitar.ogg, rhythm.ogg, song.ogg, vocals.ogg",-2 0 0 0 0 0,-2 0 0 0,-3 -1 -1 -1 -1 -1,-3 -1 -1 -1,matched
Nirvana - Rape Me,Rape Me,Nirvana,In Utero,1993,Harmonix,1,2,2,3,-1,2,-1,-1,-1,3,2,FALSE,FALSE,TRUE,TRUE,"drums_1.ogg, drums_2.ogg, drums_3.ogg, guitar.ogg, rhythm.ogg, song.ogg, vocals.ogg",0 0 0 0 0 0,0 0 0 0,-1 -1 -1 -1 -1 -1,-1 -1 -1 -1,matched
Nirvana - You Know You're Right,You Know You're Right,Nirvana,Nirvana,2002,Harmonix,2,3,3,3,-1,2,-1,-1,-1,3,2,FALSE,FALSE,TRUE,TRUE,"drums_1.ogg, drums_2.ogg, guitar.ogg, rhythm.ogg, song.ogg, vocals.ogg",0 0 0 0 0 0,0 0 0 0,-1 -1 -1 -1 -1 -1,-1 -1 -1 -1,matched
Ohio Players - Fire,Fire,Ohio Players,Fire,1974,Harmonix,5,5,2,4,4,6,-1,-1,5,4,-1,FALSE,TRUE,TRUE,FALSE,"drums_1.ogg, drums_2.ogg, guitar.ogg, keys.ogg, rhythm.ogg, song.ogg, vocals.ogg",0 0 0 0 0 0,0 0 0 0,0 0 0 0 0 0,0 0 0 0,matched
Ohio Players - Love Rollercoaster,Love Rollercoaster,Ohio Players,Honey,1975,Harmonix,5,4,3,4,6,6,2,6,6,4,-1,TRUE,TRUE,TRUE,FALSE,"drums_1.ogg, drums_2.ogg, drums_3.ogg, guitar.ogg, keys.ogg, rhythm.ogg, song.ogg, vocals.ogg",0 0 0 0 0 0,0 0 0 0,0 0 0 0 0 0,0 0 0 0,matched
Oingo Boingo - Weird Science,Weird Science,Oingo Boingo,Dead Man's Party,1985,Harmonix,5,4,4,2,6,6,-1,-1,6,2,6,FALSE,TRUE,TRUE,TRUE,"drums_1.ogg, drums_2.ogg, guitar.ogg, keys.ogg, rhythm.ogg, song.ogg, vocals.ogg",0 0 0 0 0 0,0 0 0 0,0 0 0 0 0 0,0 0 0 0,matched
OK Go - Shooting the Moon,Shooting the Moon,OK Go,Of the Blue Colour of the Sky,2010,Harmonix,2,3,0,3,3,3,-1,-1,3,3,-1,FALSE,TRUE,TRUE,FALSE,"drums_1.ogg, drums_2.ogg, drums_3.ogg, guitar.ogg, keys.ogg, rhythm.ogg, song.ogg, vocals.ogg",0 0 0 0 0 0,0 0 0 0,-2 -2 -2 -2 -2 -2,Unknown,matched
Opeth - Ghost of Perdition (2x Bass Pedal Expert+),Ghost of Perdition,Opeth,Ghost Reveries,2005,Harmonix,6,5,5,5,4,2,-1,-1,-1,5,2,FALSE,FALSE,TRUE,TRUE,"drums_1.ogg, drums_2.ogg, drums_3.ogg, guitar.ogg, keys.ogg, rhythm.ogg, song.ogg, vocals.ogg",0 0 0 0 0 0,0 0 0 0,-2 0 0 -2 -2 0,-2 0 0 0,matched
Owl City - Fireflies,Fireflies,Owl City,Ocean Eyes,2009,Harmonix,2,0,1,4,4,4,-1,-1,4,4,4,FALSE,TRUE,TRUE,TRUE,"drums.ogg, guitar.ogg, keys.ogg, rhythm.ogg, song.ogg, vocals.ogg",0 0 0 0 0 0,0 0 0 0,0 0 0 0 0 0,0 0 0 0,matched
Ozzy Osbourne - Bark at the Moon (2x Bass Pedal Expert+),Bark at the Moon,Ozzy Osbourne,Bark at the Moon,1983,Harmonix,5,6,4,4,-1,2,6,5,-1,4,-1,TRUE,FALSE,TRUE,FALSE,"drums_1.ogg, drums_2.ogg, drums_3.ogg, guitar.ogg, rhythm.ogg, song.ogg, vocals.ogg",0 0 0 0 0 0,0 0 0 0,0 0 0 0 0 0,0 0 0 0,matched
Ozzy Osbourne - Crazy Train,Crazy Train,Ozzy Osbourne,Blizzard of Ozz,1980,Harmonix,6,6,6,6,-1,0,6,5,-1,6,0,TRUE,FALSE,TRUE,TRUE,"drums_1.ogg, drums_2.ogg, guitar.ogg, rhythm.ogg, song.ogg, vocals.ogg",0 0 0 0 0 0,0 0 0 0,0 0 0 0 0 0,0 0 0 0,matched
Ozzy Osbourne - Diary of a Madman,Diary of a Madman,Ozzy Osbourne,Diary of a Madman,1981,Harmonix,3,3,2,3,3,4,-1,-1,4,3,4,FALSE,TRUE,TRUE,TRUE,"drums_1.ogg, drums_2.ogg, guitar.ogg, keys.ogg, rhythm.ogg, song.ogg, vocals.ogg",0 0 0 0 0 0,0 0 0 0,-1 -1 -1 -1 -1 -1,-1 -1 -1 -1,matched
Ozzy Osbourne - Flying High Again,Flying High Again,Ozzy Osbourne,Diary of a Madman,1981,Harmonix,4,6,3,4,-1,2,-1,-1,-1,4,2,FALSE,FALSE,TRUE,TRUE,"drums_1.ogg, drums_2.ogg, drums_3.ogg, guitar.ogg, rhythm.ogg, song.ogg, vocals.ogg",0 0 0 0 0 0,0 0 0 0,-1 -1 -1 -1 -1 -1,-1 -1 -1 -1,matched
Ozzy Osbourne - I Don't Know,I Don't Know,Ozzy Osbourne,Blizzard of Ozz,1980,Harmonix,5,5,4,4,-1,1,-1,-1,-1,4,-1,FALSE,FALSE,TRUE,FALSE,"drums_1.ogg, drums_2.ogg, guitar.ogg, rhythm.ogg, song.ogg, vocals.ogg",0 0 0 0 0 0,0 0 0 0,0 0 0 0 0 0,0 0 0 0,matched
"Ozzy Osbourne - Mama, I'm Coming Home","Mama, I'm Coming Home",Ozzy Osbourne,No More Tears,1991,Harmonix,0,2,3,2,-1,2,2,3,-1,2,2,TRUE,FALSE,TRUE,TRUE,"drums_1.ogg, drums_2.ogg, drums_3.ogg, guitar.ogg, rhythm.ogg, song.ogg, vocals.ogg",0 0 0 0 0 0,0 0 0 0,-1 -1 -1 -1 -1 -1,-1 -1 -1 -1,matched
Ozzy Osbourne - Mr. Crowley,Mr. Crowley,Ozzy Osbourne,Blizzard of Ozz,1980,Harmonix,4,6,3,4,2,2,6,4,2,4,-1,TRUE,TRUE,TRUE,FALSE,"drums_1.ogg, drums_2.ogg, guitar.ogg, keys.ogg, rhythm.ogg, song.ogg, vocals.ogg",0 0 0 0 0 0,0 0 0 0,0 0 0 0 0 0,0 0 0 0,matched
Ozzy Osbourne - Over the Mountain,Over the Mountain,Ozzy Osbourne,Diary of a Madman,1981,Harmonix,4,5,2,4,-1,2,-1,-1,-1,4,2,FALSE,FALSE,TRUE,TRUE,"drums_1.ogg, drums_2.ogg, drums_3.ogg, guitar.ogg, rhythm.ogg, song.ogg, vocals.ogg",0 0 0 0 0 0,0 0 0 0,-1 -1 -1 -1 -1 -1,-1 -1 -1 -1,matched
Ozzy Osbourne - Steal Away (The Night),Steal Away (The Night),Ozzy Osbourne,Blizzard of Ozz,1980,Harmonix,4,4,4,4,-1,2,-1,-1,-1,4,-1,FALSE,FALSE,TRUE,FALSE,"drums_1.ogg, drums_2.ogg, guitar.ogg, rhythm.ogg, song.ogg, vocals.ogg",0 0 0 0 0 0,0 0 0 0,0 0 0 0 0 0,0 0 0 0,matched
Panic! at the Disco - I Write Sins Not Tragedies,I Write Sins Not Tragedies,Panic! At the Disco,A Fever You Can't Sweat Out,2005,Harmonix,2,2,2,4,3,4,-1,-1,4,4,4,FALSE,TRUE,TRUE,TRUE,"drums_1.ogg, drums_2.ogg, drums_3.ogg, guitar.ogg, keys.ogg, rhythm.ogg, song.ogg, vocals.ogg",-2 0 0 0 0 0,-2 0 0 0,-2 0 0 0 0 0,-2 0 0 0,matched
Pantera - 5 Minutes Alone (2x Bass Pedal Expert+),5 Minutes Alonea,Pantera,Far Beyond Driven,1994,Harmonix,5,5,6,4,-1,3,5,6,-1,4,3,TRUE,FALSE,TRUE,TRUE,"drums_1.ogg, drums_2.ogg, drums_3.ogg, guitar.ogg, rhythm.ogg, song.ogg, vocals.ogg",0 0 0 0 0 0,0 0 0 0,-2 -2 -2 -2 -2 -2,-2 -2 -2 -2,matched
Pantera - I'm Broken (2x Bass Pedal Expert+),I'm Broken,Pantera,Far Beyond Driven,1994,Harmonix,5,4,4,4,-1,3,-1,-1,-1,4,3,FALSE,FALSE,TRUE,TRUE,"drums_1.ogg, drums_2.ogg, drums_3.ogg, guitar.ogg, rhythm.ogg, song.ogg, vocals.ogg",0 0 0 0 0 0,0 0 0 0,-2 -2 -2 -2 -2 -2,-2 -2 -2 -2,matched
Pantera - Mouth for War (2x Bass Pedal Expert+),Mouth for War,Pantera,Vulgar Display of Power,1992,Harmonix,6,5,5,5,-1,3,-1,-1,-1,5,-1,FALSE,FALSE,TRUE,FALSE,"drums_1.ogg, drums_2.ogg, drums_3.ogg, guitar.ogg, rhythm.ogg, song.ogg, vocals.ogg",0 0 0 0 0 0,0 0 0 0,0 0 0 0 0 0,0 0 0 0,matched
Pantera - Walk (2x Bass Pedal Expert+),Walk,Pantera,Vulgar Display of Power,1992,Harmonix,6,5,5,4,-1,3,4,4,-1,4,3,TRUE,FALSE,TRUE,TRUE,"drums_1.ogg, drums_2.ogg, drums_3.ogg, guitar.ogg, rhythm.ogg, song.ogg, vocals.ogg",0 0 0 0 0 0,0 0 0 0,-2 -2 -2 -2 -2 -2,-2 -2 -2 -2,matched
Papa Roach - Forever,Forever,Papa Roach,The Paramour Sessions,2006,Harmonix,1,1,1,3,1,3,-1,-1,1,3,3,FALSE,TRUE,TRUE,TRUE,"drums_1.ogg, drums_2.ogg, guitar.ogg, keys.ogg, rhythm.ogg, song.ogg, vocals.ogg",0 0 0 0 0 0,0 0 0 0,-2 0 0 0 0 0,-2 0 0 0,matched
Paramore - Brick By Boring Brick,Brick by Boring Brick,Paramore,Brand New Eyes,2009,Harmonix,4,2,2,4,2,4,-1,-1,2,4,4,FALSE,TRUE,TRUE,TRUE,"drums_1.ogg, drums_2.ogg, drums_3.ogg, guitar.ogg, keys.ogg, rhythm.ogg, song.ogg, vocals.ogg",0 0 0 0 0 0,0 0 0 0,-2 0 0 0 0 0,-2 0 0 0,matched
Paramore - Ignorance,Ignorance,Paramore,Brand New Eyes,2009,Harmonix,4,3,2,4,1,6,-1,-1,1,4,6,FALSE,TRUE,TRUE,TRUE,"drums_1.ogg, drums_2.ogg, drums_3.ogg, guitar.ogg, keys.ogg, rhythm.ogg, song.ogg, vocals.ogg",0 0 0 0 0 0,0 0 0 0,0 0 0 0 0 0,-2 0 0 0,matched
Paramore - Misery Business,Misery Business,Paramore,Riot!,2007,Harmonix,5,3,4,5,-1,6,4,3,-1,5,6,TRUE,FALSE,TRUE,TRUE,"drums_1.ogg, drums_2.ogg, drums_3.ogg, guitar.ogg, rhythm.ogg, song.ogg, vocals.ogg",0 0 0 0 0 0,0 0 0 0,-3 -1 -1 -1 -1 -1,-3 -3 -3 -3,matched
Paramore - Pressure,Pressure,Paramore,All We Know Is Falling,2005,Harmonix,2,3,2,3,-1,3,-1,-1,-1,3,3,FALSE,FALSE,TRUE,TRUE,"drums_1.ogg, drums_2.ogg, drums_3.ogg, guitar.ogg, rhythm.ogg, song.ogg, vocals.ogg",0 0 0 0 0 0,0 0 0 0,-2 0 0 0 0 0,-2 0 0 0,matched
Paramore - The Only Exception,The Only Exception,Paramore,Brand New Eyes,2009,Harmonix,2,1,1,1,2,4,1,1,2,1,4,TRUE,TRUE,TRUE,TRUE,"drums_1.ogg, drums_2.ogg, drums_3.ogg, guitar.ogg, keys.ogg, rhythm.ogg, song.ogg, vocals.ogg",0 0 0 0 0 0,0 0 0 0,0 0 0 0 0 0,0 0 0 0,matched
Pat Benatar - Fire and Ice,Fire and Ice,Pat Benatar,Precious Time,1981,Harmonix,1,3,2,2,-1,2,-1,-1,-1,2,2,FALSE,FALSE,TRUE,TRUE,"drums_1.ogg, drums_2.ogg, drums_3.ogg, guitar.ogg, rhythm.ogg, song.ogg, vocals.ogg",0 0 0 0 0 0,0 0 0 0,0 0 0 0 0 0,0 0 0 0,matched
Pat Benatar - Invincible,Invincible,Pat Benatar,Seven the Hard Way,1985,Harmonix,3,3,3,4,2,2,-1,-1,2,4,-1,FALSE,TRUE,TRUE,FALSE,"drums_1.ogg, drums_2.ogg, drums_3.ogg, guitar.ogg, keys.ogg, rhythm.ogg, song.ogg, vocals.ogg",0 0 0 0 0 0,0 0 0 0,0 0 0 0 0 0,0 0 0 0,matched
Pat Benatar - Love Is a Battlefield,Love Is a Battlefield,Pat Benatar,Live from Earth,1983,Harmonix,5,4,3,4,1,3,-1,-1,1,4,3,FALSE,TRUE,TRUE,TRUE,"drums_1.ogg, drums_2.ogg, drums_3.ogg, guitar.ogg, keys.ogg, rhythm.ogg, song.ogg, vocals.ogg",0 0 0 0 0 0,0 0 0 0,0 0 0 0 0 0,-2 0 0 0,matched
Pat Benatar - Promises in the Dark,Promises in the Dark,Pat Benatar,Precious Time,1981,Harmonix,3,3,2,3,3,2,-1,-1,4,3,2,FALSE,TRUE,TRUE,TRUE,"drums_1.ogg, drums_2.ogg, drums_3.ogg, guitar.ogg, keys.ogg, rhythm.ogg, song.ogg, vocals.ogg",0 0 0 0 0 0,0 0 0 0,0 0 0 0 0 0,0 0 0 0,matched
Pat Benatar - Shadows of the Night,Shadows of the Night,Pat Benatar,Get Nervous,1982,Harmonix,3,3,2,3,4,3,-1,-1,4,3,3,FALSE,TRUE,TRUE,TRUE,"drums_1.ogg, drums_2.ogg, guitar.ogg, keys.ogg, rhythm.ogg, song.ogg, vocals.ogg",0 0 0 0 0 0,0 0 0 0,0 0 0 0 0 0,0 0 0 0,matched
Pat Benatar - We Belong,We Belong,Pat Benatar,Tropico,1984,Harmonix,1,2,2,0,3,3,0,0,3,0,3,TRUE,TRUE,TRUE,TRUE,"drums.ogg, guitar.ogg, keys.ogg, rhythm.ogg, song.ogg, vocals.ogg",0 0 0 0 0 0,0 0 0 0,0 0 0 0 0 0,0 0 0 0,matched
Paul McCartney - Maybe I'm Amazed,Maybe I'm Amazed,Paul McCartney,McCartney,1970,Harmonix,1,2,1,3,3,4,-1,-1,3,3,-1,FALSE,TRUE,TRUE,FALSE,"drums.ogg, guitar.ogg, keys.ogg, rhythm.ogg, song.ogg, vocals.ogg",0 0 0 0 0 0,0 0 0 0,0 0 0 0 0 0,0 0 0 0,matched
Paul McCartney & Wings - Band on the Run,Band on the Run,Paul McCartney & Wings,Band on the Run,1973,Harmonix,2,3,1,2,2,4,-1,-1,2,2,-1,FALSE,TRUE,TRUE,FALSE,"drums.ogg, guitar.ogg, keys.ogg, rhythm.ogg, song.ogg, vocals.ogg",0 0 0 0 0 0,0 0 0 0,0 0 0 0 0 0,0 0 0 0,matched
Paul McCartney & Wings - Helen Wheels,Helen Wheels,Paul McCartney & Wings,Band on the Run,1973,Harmonix,4,4,2,4,0,2,-1,-1,0,4,-1,FALSE,TRUE,TRUE,FALSE,"drums.ogg, guitar.ogg, keys.ogg, rhythm.ogg, song.ogg, vocals.ogg",0 0 0 0 0 0,0 0 0 0,0 0 0 0 0 0,0 0 0 0,matched
Paul McCartney & Wings - Let Me Roll It,Let Me Roll It,Paul McCartney & Wings,Band on the Run,1973,Harmonix,1,3,1,1,0,2,1,0,1,1,-1,TRUE,TRUE,TRUE,FALSE,"drums.ogg, guitar.ogg, keys.ogg, rhythm.ogg, song.ogg, vocals.ogg",0 0 0 0 0 0,0 0 0 0,0 0 0 0 0 0,0 0 0 0,matched
Peter Cetera - Glory of Love,Glory of Love,Peter Cetera,Solitude/Solitaire,1986,Harmonix,1,2,1,1,4,3,-1,-1,5,1,3,FALSE,TRUE,TRUE,TRUE,"drums_1.ogg, drums_2.ogg, drums_3.ogg, guitar.ogg, keys.ogg, rhythm.ogg, song.ogg, vocals.ogg",0 0 0 0 0 0,0 0 0 0,0 0 0 0 0 0,Unknown,matched
Peter Frampton - Do You Feel Like We Do (Live),Do You Feel Like We Do (Live),Peter Frampton,Frampton Comes Alive!,1976,Harmonix,5,5,3,4,6,2,-1,-1,6,4,2,FALSE,TRUE,TRUE,TRUE,"drums.ogg, guitar.ogg, keys.ogg, rhythm.ogg, song.ogg, vocals.ogg",0 0 0 0 0 0,0 0 0 0,0 0 0 0 0 0,0 0 0 0,matched
Phish - Llama,Llama,Phish,A Picture of Nectar,1992,Harmonix,6,6,6,6,6,6,6,6,6,6,6,TRUE,TRUE,TRUE,TRUE,"drums_1.ogg, drums_2.ogg, drums_3.ogg, guitar.ogg, keys.ogg, rhythm.ogg, song.ogg, vocals.ogg",0 0 0 0 0 0,0 0 0 0,0 0 0 0 0 0,0 0 0 0,matched
Phish - Stash,Stash,Phish,A Picture of Nectar,1992,Harmonix,6,5,5,5,5,3,6,6,6,5,3,TRUE,TRUE,TRUE,TRUE,"drums_1.ogg, drums_2.ogg, guitar.ogg, keys.ogg, rhythm.ogg, song.ogg, vocals.ogg",0 0 0 0 0 0,0 0 0 0,0 0 0 0 0 0,0 0 0 0,matched
Phish - Tweezer,Tweezer,Phish,A Picture of Nectar,1992,Harmonix,6,4,5,5,6,4,-1,-1,6,5,4,FALSE,TRUE,TRUE,TRUE,"drums_1.ogg, drums_2.ogg, drums_3.ogg, guitar.ogg, keys.ogg, rhythm.ogg, song.ogg, vocals.ogg",0 0 0 0 0 0,0 0 0 0,0 0 0 0 0 0,0 0 0 0,matched
Phoenix - Lasso,Lasso,Phoenix,Wolfgang Amadeus Phoenix,2009,Harmonix,5,5,5,4,-1,6,4,4,-1,4,-1,TRUE,FALSE,TRUE,FALSE,"drums_1.ogg, drums_2.ogg, drums_3.ogg, guitar.ogg, rhythm.ogg, song.ogg, vocals.ogg",0 0 0 0 0 0,0 0 0 0,0 0 0 0 0 0,0 0 0 0,matched
P!nk - Funhouse,Funhouse,P!nk,Funhouse,2008,Harmonix,2,2,2,3,2,3,-1,-1,2,3,-1,FALSE,TRUE,TRUE,FALSE,"drums_1.ogg, drums_2.ogg, drums_3.ogg, guitar.ogg, keys.ogg, rhythm.ogg, song.ogg, vocals.ogg",0 0 0 0 0 0,0 0 0 0,0 0 0 0 0 0,0 0 0 0,matched
P!nk - Get the Party Started,Get the Party Started,P!nk,M!ssundaztood,2001,Harmonix,2,2,0,4,2,3,0,0,2,4,-1,TRUE,TRUE,TRUE,FALSE,"drums_1.ogg, drums_2.ogg, drums_3.ogg, guitar.ogg, keys.ogg, rhythm.ogg, song.ogg, vocals.ogg",0 0 0 0 0 0,0 0 0 0,0 0 0 0 0 0,0 0 0 0,matched
P!nk - Please Don't Leave Me,Please Don't Leave Me,P!nk,Funhouse,2008,Harmonix,1,2,1,1,2,3,-1,-1,2,1,-1,FALSE,TRUE,TRUE,FALSE,"drums_1.ogg, drums_2.ogg, drums_3.ogg, guitar.ogg, keys.ogg, rhythm.ogg, song.ogg, vocals.ogg",0 0 0 0 0 0,0 0 0 0,0 0 0 0 0 0,0 0 0 0,matched
P!nk - Sober,Sober,P!nk,Funhouse,2008,Harmonix,2,2,0,3,4,4,-1,-1,5,3,-1,FALSE,TRUE,TRUE,FALSE,"drums.ogg, guitar.ogg, keys.ogg, rhythm.ogg, song.ogg, vocals.ogg",0 0 0 0 0 0,0 0 0 0,0 0 0 0 0 0,0 0 0 0,matched
P.O.D. - Boom,Boom,P.O.D.,Satellite,2001,Harmonix,1,2,2,4,-1,2,1,1,-1,4,2,TRUE,FALSE,TRUE,TRUE,"drums_1.ogg, drums_2.ogg, guitar.ogg, rhythm.ogg, song.ogg, vocals.ogg",0 0 0 0 0 0,0 0 0 0,-2 0 0 0 0 0,-2 0 0 0,matched
P.O.D. - Youth of the Nation,Youth of the Nation,P.O.D.,Satellite,2001,Harmonix,1,2,1,3,1,2,-1,-1,1,3,2,FALSE,TRUE,TRUE,TRUE,"drums_1.ogg, drums_2.ogg, drums_3.ogg, guitar.ogg, keys.ogg, rhythm.ogg, song.ogg, vocals.ogg",0 0 0 0 0 0,0 0 0 0,-4 -2 -2 -2 -2 -2,-2 -4 -2 -2 -2,matched
Poison - Every Rose Has Its Thorn,Every Rose Has Its Thorn,Poison,Open Up and Say... Ahh!,1988,Harmonix,1,3,1,1,1,2,2,1,1,1,2,TRUE,TRUE,TRUE,TRUE,"drums_1.ogg, drums_2.ogg, guitar.ogg, keys.ogg, rhythm.ogg, song.ogg, vocals.ogg",0 0 0 0 0 0,0 0 0 0,-1 -1 -1 -1 -1 -1,-1 -1 -1 -1,matched
Poison - Nothin' but a Good Time,Nothin' but a Good Time,Poison,Open Up and Say... Ahh!,1988,Harmonix,2,5,1,4,1,3,4,1,1,4,-1,TRUE,TRUE,TRUE,FALSE,"drums_1.ogg, drums_2.ogg, drums_3.ogg, guitar.ogg, keys.ogg, rhythm.ogg, song.ogg, vocals.ogg",0 0 0 0 0 0,0 0 0 0,-1 -1 -1 -1 -1 -1,-1 -1 -1 -1,matched
Poison - Talk Dirty to Me,Talk Dirty to Me,Poison,Look What the Cat Dragged In,1986,Harmonix,2,3,1,4,-1,2,-1,-1,-1,4,-1,FALSE,FALSE,TRUE,FALSE,"drums_1.ogg, drums_2.ogg, guitar.ogg, rhythm.ogg, song.ogg, vocals.ogg",0 0 0 0 0 0,0 0 0 0,-1 -1 -1 -1 -1 -1,-1 -1 -1 -1,matched
Poison - Unskinny Bop,Unskinny Bop,Poison,Flesh & Blood,1990,Harmonix,3,5,1,4,1,3,-1,-1,1,4,-1,FALSE,TRUE,TRUE,FALSE,"drums_1.ogg, drums_2.ogg, drums_3.ogg, guitar.ogg, keys.ogg, rhythm.ogg, song.ogg, vocals.ogg",0 0 0 0 0 0,0 0 0 0,-1 -1 -1 -1 -1 -1,-1 -1 -1 -1,matched
Poni Hoax - Antibodies,Antibodies,Poni Hoax,Images of Sigrid,2008,Harmonix,4,2,6,3,6,1,1,6,6,3,-1,TRUE,TRUE,TRUE,FALSE,"drums.ogg, guitar.ogg, keys.ogg, rhythm.ogg, song.ogg, vocals.ogg",0 0 0 0 0 0,0 0 0 0,0 0 0 0 0 0,0 0 0 0,matched
"Pretty Girls Make Graves - Something Bigger, Something Brighter","Something Bigger, Something Brighter",Pretty Girls Make Graves,The New Romance,2003,Harmonix,4,6,1,3,4,0,4,2,4,3,0,TRUE,TRUE,TRUE,TRUE,"drums_1.ogg, drums_2.ogg, drums_3.ogg, guitar.ogg, keys.ogg, rhythm.ogg, song.ogg, vocals.ogg",0 0 0 0 0 0,0 0 0 0,0 0 0 0 0 0,0 0 0 0,matched
Primus - Jerry Was a Race Car Driver (2x Bass Pedal Expert+),Jerry Was a Race Car Driver,Primus,Sailing the Seas of Cheese,1991,Harmonix,5,2,5,6,-1,0,5,6,-1,6,-1,TRUE,FALSE,TRUE,FALSE,"drums_1.ogg, drums_2.ogg, guitar.ogg, rhythm.ogg, song.ogg, vocals.ogg",0 0 0 0 0 0,0 0 0 0,0 0 0 0 0 0,5 5 5 5,matched
Procol Harum - A Whiter Shade of Pale,A Whiter Shade of Pale,Procol Harum,Procol Harum,1967,Harmonix,1,1,1,2,1,3,-1,-1,1,2,-1,FALSE,TRUE,TRUE,FALSE,"drums.ogg, guitar.ogg, keys.ogg, rhythm.ogg, song.ogg, vocals.ogg",0 0 0 0 0 0,0 0 0 0,0 0 0 0 0 0,0 0 0 0,matched
Puddle of Mudd - Blurry,Blurry,Puddle of Mudd,Come Clean,2001,Harmonix,2,4,1,3,2,2,-1,-1,2,3,-1,FALSE,TRUE,TRUE,FALSE,"drums_1.ogg, drums_2.ogg, guitar.ogg, keys.ogg, rhythm.ogg, song.ogg, vocals.ogg",0 0 0 0 0 0,0 0 0 0,-1 -1 -1 -1 -1 -1,-1 -1 -1 -1,matched
Puddle of Mudd - Control,Control,Puddle of Mudd,Come Clean,2001,Harmonix,1,2,2,3,-1,2,-1,-1,-1,3,-1,FALSE,FALSE,TRUE,FALSE,"drums_1.ogg, drums_2.ogg, guitar.ogg, rhythm.ogg, song.ogg, vocals.ogg",0 0 0 0 0 0,0 0 0 0,-3 -1 -1 -1 -1 -1,-3 -1 -1 -1,matched
Puddle of Mudd - She Hates Me,She Hates Me,Puddle of Mudd,Come Clean,2001,Harmonix,1,3,1,3,-1,2,1,0,-1,3,-1,TRUE,FALSE,TRUE,FALSE,"drums_1.ogg, drums_2.ogg, drums_3.ogg, guitar.ogg, rhythm.ogg, song.ogg, vocals.ogg",0 0 0 0 0 0,0 0 0 0,-1 -1 -1 -1 -1 -1,-1 -1 -1 -1,matched
Queen - Bicycle Race,Bicycle Race,Queen,Jazz,1978,Harmonix,5,2,3,3,5,6,3,4,6,3,6,TRUE,TRUE,TRUE,TRUE,"drums_1.ogg, drums_2.ogg, guitar.ogg, keys.ogg, rhythm.ogg, song.ogg, vocals.ogg",0 0 0 0 0 0,0 0 0 0,0 0 0 0 0 0,0 0 0 0,matched
Queen - Bohemian Rhapsody,Bohemian Rhapsody,Queen,A Night at the Opera,1975,Harmonix,6,4,4,3,6,6,6,5,6,3,6,TRUE,TRUE,TRUE,TRUE,"drums_1.ogg, drums_2.ogg, drums_3.ogg, guitar.ogg, keys.ogg, rhythm.ogg, song.ogg, vocals.ogg",0 0 0 0 0 0,0 0 0 0,0 0 0 0 0 0,0 0 0 0,matched
Queen - Don't Stop Me Now,Don't Stop Me Now,Queen,Jazz,1978,Harmonix,5,3,3,4,5,6,-1,-1,5,4,6,FALSE,TRUE,TRUE,TRUE,"drums_1.ogg, drums_2.ogg, drums_3.ogg, guitar.ogg, keys.ogg, rhythm.ogg, song.ogg, vocals.ogg",0 0 0 0 0 0,0 0 0 0,0 0 0 0 0 0,0 0 0 0,matched
Queen - Hammer to Fall,Hammer to Fall,Queen,The Works,1984,Harmonix,2,3,2,2,1,3,3,2,2,2,3,TRUE,TRUE,TRUE,TRUE,"drums_1.ogg, drums_2.ogg, guitar.ogg, keys.ogg, rhythm.ogg, song.ogg, vocals.ogg",0 0 0 0 0 0,0 0 0 0,0 0 0 0 0 0,0 0 0 0,matched
Queen - I'm in Love With My Car,I'm in Love With My Car,Queen,A Night at the Opera,1975,Harmonix,4,4,2,4,3,4,-1,-1,3,4,4,FALSE,TRUE,TRUE,TRUE,"drums_1.ogg, drums_2.ogg, drums_3.ogg, guitar.ogg, keys.ogg, rhythm.ogg, song.ogg, vocals.ogg",0 0 0 0 0 0,0 0 0 0,0 0 0 0 0 0,0 0 0 0,matched
Queen - I Want It All (RB3 version),I Want It All (RB3 version),Queen,The Miracle,1989,Harmonix,6,5,3,4,6,4,4,1,6,4,4,TRUE,TRUE,TRUE,TRUE,"drums_1.ogg, drums_2.ogg, drums_3.ogg, guitar.ogg, keys.ogg, rhythm.ogg, song.ogg, vocals.ogg",0 0 0 0 0 0,0 0 0 0,0 0 0 0 0 0,0 0 0 0,matched
Queen - I Want to Break Free (RB3 version),I Want to Break Free (RB3 version),Queen,The Works,1984,Harmonix,1,2,1,3,3,3,1,2,2,3,3,TRUE,TRUE,TRUE,TRUE,"drums_1.ogg, drums_2.ogg, drums_3.ogg, guitar.ogg, keys.ogg, rhythm.ogg, song.ogg, vocals.ogg",0 0 0 0 0 0,0 0 0 0,0 0 0 0 0 0,0 0 0 0,matched
Queen - Keep Yourself Alive,Keep Yourself Alive,Queen,Queen,1973,Harmonix,5,4,2,4,-1,3,5,2,-1,4,3,TRUE,FALSE,TRUE,TRUE,"drums_1.ogg, drums_2.ogg, drums_3.ogg, guitar.ogg, rhythm.ogg, song.ogg, vocals.ogg",0 0 0 0 0 0,0 0 0 0,0 0 0 0 0 0,0 0 0 0,matched
Queen - Killer Queen (RB3 version),Killer Queen (RB3 version),Queen,Sheer Heart Attack,1974,Harmonix,4,3,3,2,4,6,3,3,4,2,6,TRUE,TRUE,TRUE,TRUE,"drums_1.ogg, drums_2.ogg, drums_3.ogg, guitar.ogg, keys.ogg, rhythm.ogg, song.ogg, vocals.ogg",0 0 0 0 0 0,0 0 0 0,0 0 0 0 0 0,0 0 0 0,matched
Queen - Long Away,Long Away,Queen,A Day at the Races,1976,Harmonix,2,2,2,3,-1,4,-1,-1,-1,3,4,FALSE,FALSE,TRUE,TRUE,"drums_1.ogg, drums_2.ogg, guitar.ogg, rhythm.ogg, song.ogg, vocals.ogg",0 0 0 0 0 0,0 0 0 0,0 0 0 0 0 0,0 0 0 0,matched
Queen - Now I'm Here,Now I'm Here,Queen,Sheer Heart Attack,1974,Harmonix,3,3,2,3,1,3,2,3,1,3,3,TRUE,TRUE,TRUE,TRUE,"drums_1.ogg, drums_2.ogg, drums_3.ogg, guitar.ogg, keys.ogg, rhythm.ogg, song.ogg, vocals.ogg",0 0 0 0 0 0,0 0 0 0,0 0 0 0 0 0,0 0 0 0,matched
Queen - One Vision (RB3 version),One Vision (RB3 version),Queen,A Kind of Magic,1986,Harmonix,6,4,4,5,1,4,4,2,1,5,4,TRUE,TRUE,TRUE,TRUE,"drums_1.ogg, drums_2.ogg, drums_3.ogg, guitar.ogg, keys.ogg, rhythm.ogg, song.ogg, vocals.ogg",0 0 0 0 0 0,0 0 0 0,0 0 0 0 0 0,0 0 0 0,matched
Queen - Play the Game,Play the Game,Queen,The Game,1980,Harmonix,3,3,2,3,2,4,2,2,3,3,4,TRUE,TRUE,TRUE,TRUE,"drums_1.ogg, drums_2.ogg, drums_3.ogg, guitar.ogg, keys.ogg, rhythm.ogg, song.ogg, vocals.ogg",0 0 0 0 0 0,0 0 0 0,0 0 0 0 0 0,0 0 0 0,matched
Queen - Radio Ga Ga,Radio Ga Ga,Queen,The Works,1984,Harmonix,4,3,3,4,4,3,-1,-1,3,4,3,FALSE,TRUE,TRUE,TRUE,"drums_1.ogg, drums_2.ogg, drums_3.ogg, guitar.ogg, keys.ogg, rhythm.ogg, song.ogg, vocals.ogg",0 0 0 0 0 0,0 0 0 0,0 0 0 0 0 0,0 0 0 0,matched
Queen - Seven Seas of Rhye,Seven Seas of Rhye,Queen,Queen II,1974,Harmonix,5,4,2,4,6,5,-1,-1,6,4,5,FALSE,TRUE,TRUE,TRUE,"drums_1.ogg, drums_2.ogg, drums_3.ogg, guitar.ogg, keys.ogg, rhythm.ogg, song.ogg, vocals.ogg",0 0 0 0 0 0,0 0 0 0,0 0 0 0 0 0,0 0 0 0,matched
Queens of the Stone Age - In My Head,In My Head,Queens of the Stone Age,Lullabies to Paralyze,2005,Harmonix,1,2,2,2,2,3,-1,-1,2,2,3,FALSE,TRUE,TRUE,TRUE,"drums_1.ogg, drums_2.ogg, guitar.ogg, keys.ogg, rhythm.ogg, song.ogg, vocals.ogg",0 0 0 0 0 0,0 0 0 0,0 0 0 0 0 0,0 0 0 0,matched
Queens of the Stone Age - No One Knows,No One Knows,Queens of the Stone Age,Songs for the Deaf,2002,Harmonix,6,5,6,6,-1,3,5,5,-1,6,3,TRUE,FALSE,TRUE,TRUE,"drums_1.ogg, drums_2.ogg, drums_3.ogg, guitar.ogg, rhythm.ogg, song.ogg, vocals.ogg",0 0 0 0 0 0,0 0 0 0,-4 -4 -4 -4 -4 -4,-4 -4 -4 -4,matched
Queen - Somebody to Love (RB3 version),Somebody to Love (RB3 version),Queen,A Day at the Races,1976,Harmonix,5,3,3,4,4,6,4,3,6,4,6,TRUE,TRUE,TRUE,TRUE,"drums_1.ogg, drums_2.ogg, drums_3.ogg, guitar.ogg, keys.ogg, rhythm.ogg, song.ogg, vocals.ogg",0 0 0 0 0 0,0 0 0 0,0 0 0 0 0 0,0 0 0 0,matched
Queensryche - Silent Lucidity,Silent Lucidity,Queensryche,Empire,1990,Harmonix,2,3,2,3,3,3,-1,-1,4,3,3,FALSE,TRUE,TRUE,TRUE,"drums_1.ogg, drums_2.ogg, guitar.ogg, keys.ogg, rhythm.ogg, song.ogg, vocals.ogg",0 0 0 0 0 0,0 0 0 0,0 0 0 0 0 0,0 0 0 0,matched
Queen - Stone Cold Crazy,Stone Cold Crazy,Queen,Sheer Heart Attack,1974,Harmonix,5,4,3,4,-1,5,4,3,-1,4,5,TRUE,FALSE,TRUE,TRUE,"drums_1.ogg, drums_2.ogg, drums_3.ogg, guitar.ogg, rhythm.ogg, song.ogg, vocals.ogg",0 0 0 0 0 0,0 0 0 0,0 0 0 0 0 0,0 0 0 0,matched
Queen - Tenement Funster,Tenement Funster,Queen,Sheer Heart Attack,1974,Harmonix,1,2,2,3,1,2,2,2,1,3,2,TRUE,TRUE,TRUE,TRUE,"drums_1.ogg, drums_2.ogg, drums_3.ogg, guitar.ogg, keys.ogg, rhythm.ogg, song.ogg, vocals.ogg",0 0 0 0 0 0,0 0 0 0,0 0 0 0 0 0,0 0 0 0,matched
Queen - The Show Must Go On,The Show Must Go On,Queen,Innuendo,1991,Harmonix,2,3,2,3,3,4,-1,-1,3,3,4,FALSE,TRUE,TRUE,TRUE,"drums_1.ogg, drums_2.ogg, drums_3.ogg, guitar.ogg, keys.ogg, rhythm.ogg, song.ogg, vocals.ogg",0 0 0 0 0 0,0 0 0 0,0 0 0 0 0 0,0 0 0 0,matched
Queen - Under Pressure (RB3 version),Under Pressure (RB3 version),Queen,Hot Space,1982,Harmonix,2,1,3,4,2,4,3,2,2,4,4,TRUE,TRUE,TRUE,TRUE,"drums_1.ogg, drums_2.ogg, guitar.ogg, keys.ogg, rhythm.ogg, song.ogg, vocals.ogg",0 0 0 0 0 0,0 0 0 0,Unknown,0 0 0 0,matched
Queen - We Are the Champions (RB3 version),We Are the Champions (RB3 version),Queen,News of the World,1977,Harmonix,1,1,1,0,3,3,2,2,5,0,3,TRUE,TRUE,TRUE,TRUE,"crowd.ogg, drums_1.ogg, drums_2.ogg, drums_3.ogg, guitar.ogg, keys.ogg, rhythm.ogg, song.ogg, vocals.ogg",0 0 0 0 0 0,0 0 0 0,0 0 0 0 0 0,0 0 0 0,matched
Queen - We Will Rock You (RB3 version),We Will Rock You (RB3 version),Queen,News of the World,1977,Harmonix,0,0,0,0,-1,3,1,0,-1,0,3,TRUE,FALSE,TRUE,TRUE,"crowd.ogg, drums.ogg, guitar.ogg, rhythm.ogg, song.ogg, vocals.ogg",0 0 0 0 0 0,0 0 0 0,0 0 0 0 0 0,22 22 21 21,matched
Queen - You're My Best Friend,You're My Best Friend,Queen,A Night at the Opera,1975,Harmonix,5,2,3,3,3,6,-1,-1,4,3,6,FALSE,TRUE,TRUE,TRUE,"drums_1.ogg, drums_2.ogg, guitar.ogg, keys.ogg, rhythm.ogg, song.ogg, vocals.ogg",0 0 0 0 0 0,0 0 0 0,0 0 0 0 0 0,0 0 0 0,matched
Rage Against the Machine - Bombtrack,Bombtrack,Rage Against the Machine,Rage Against the Machine,1992,Harmonix,1,3,2,3,-1,1,2,2,-1,3,1,TRUE,FALSE,TRUE,TRUE,"drums_1.ogg, drums_2.ogg, guitar.ogg, rhythm.ogg, song.ogg, vocals.ogg",0 0 0 0 0 0,0 0 0 0,0 0 0 0 0 0,0 0 0 0,matched
Rage Against the Machine - Killing in the Name,Killing in the Name,Rage Against the Machine,Rage Against the Machine,1992,Harmonix,4,3,3,5,-1,0,-1,-1,-1,5,0,FALSE,FALSE,TRUE,TRUE,"drums_1.ogg, drums_2.ogg, guitar.ogg, rhythm.ogg, song.ogg, vocals.ogg",0 0 0 0 0 0,0 0 0 0,-2 0 0 0 0 0,-2 0 0 0,matched
Rage Against the Machine - Sleep Now in the Fire,Sleep Now in the Fire,Rage Against the Machine,The Battle of Los Angeles,1999,Harmonix,2,3,5,3,-1,0,-1,-1,-1,3,-1,FALSE,FALSE,TRUE,FALSE,"drums_1.ogg, drums_2.ogg, drums_3.ogg, guitar.ogg, rhythm.ogg, song.ogg, vocals.ogg",0 0 0 0 0 0,0 0 0 0,0 0 0 0 0 0,0 0 0 0,matched
Rammstein - Du Hast,Du Hast,Rammstein,Sehnsucht,1997,Harmonix,4,2,1,4,5,3,1,1,5,4,3,TRUE,TRUE,TRUE,TRUE,"drums_1.ogg, drums_2.ogg, drums_3.ogg, guitar.ogg, keys.ogg, rhythm.ogg, song.ogg, vocals.ogg",0 0 0 0 0 0,0 0 0 0,0 0 0 0 0 0,0 0 0 0,matched
Ramones - I Wanna Be Sedated,I Wanna Be Sedated,Ramones,Road to Ruin,1978,Harmonix,0,2,1,0,-1,0,0,0,-1,0,-1,TRUE,FALSE,TRUE,FALSE,"drums_1.ogg, drums_2.ogg, drums_3.ogg, guitar.ogg, rhythm.ogg, song.ogg, vocals.ogg",0 0 0 0 0 0,0 0 0 0,0 0 0 0 0 0,0 0 0 0,matched
Rascal Flatts - Summer Nights,Summer Nights,Rascal Flatts,Unstoppable,2009,Harmonix,4,4,4,4,-1,4,-1,-1,-1,4,4,FALSE,FALSE,TRUE,TRUE,"drums.ogg, guitar.ogg, rhythm.ogg, song.ogg, vocals.ogg",0 0 0 0 0 0,0 0 0 0,0 0 0 0 0 0,0 0 0 0,matched
Rascal Flatts - Summer Nights (RB3 version),Summer Nights (RB3 version),Rascal Flatts,Unstoppable,2009,Harmonix,4,4,4,4,4,4,-1,-1,4,4,4,FALSE,TRUE,TRUE,TRUE,"drums.ogg, guitar.ogg, keys.ogg, rhythm.ogg, song.ogg, vocals.ogg",0 0 0 0 0 0,0 0 0 0,0 0 0 0 0 0,0 0 0 0,matched
Reba McEntire - The Night the Lights Went Out in Georgia,The Night the Lights Went Out in Georgia,Reba McEntire,For My Broken Heart,1991,Harmonix,2,2,4,3,-1,3,-1,-1,-1,3,3,FALSE,FALSE,TRUE,TRUE,"drums_1.ogg, drums_2.ogg, drums_3.ogg, guitar.ogg, rhythm.ogg, song.ogg, vocals.ogg",0 0 0 0 0 0,0 0 0 0,0 0 0 0 0 0,0 0 0 0,matched
Reba McEntire - The Night the Lights Went Out in Georgia (RB3 version),The Night the Lights Went Out in Georgia (RB3 version),Reba McEntire,For My Broken Heart,1991,Harmonix,2,2,4,3,4,3,-1,-1,6,3,3,FALSE,TRUE,TRUE,TRUE,"drums_1.ogg, drums_2.ogg, drums_3.ogg, guitar.ogg, keys.ogg, rhythm.ogg, song.ogg, vocals.ogg",0 0 0 0 0 0,0 0 0 0,0 0 0 0 0 0,0 0 0 0,matched
Red Hot Chili Peppers - By the Way,By the Way,Red Hot Chili Peppers,By the Way,2002,Harmonix,4,3,4,4,-1,3,2,5,-1,4,3,TRUE,FALSE,TRUE,TRUE,"drums_1.ogg, drums_2.ogg, drums_3.ogg, guitar.ogg, rhythm.ogg, song.ogg, vocals.ogg",0 0 0 0 0 0,-2 0 0 0,0 0 0 0 0 0,-2 0 0 0,matched
Red Hot Chili Peppers - Californication,Californication,Red Hot Chili Peppers,Californication,1999,Harmonix,1,2,2,3,0,2,1,2,0,3,2,TRUE,TRUE,TRUE,TRUE,"drums_1.ogg, drums_2.ogg, drums_3.ogg, guitar.ogg, keys.ogg, rhythm.ogg, song.ogg, vocals.ogg",0 0 0 0 0 0,0 0 0 0,0 0 0 0 0 0,0 0 0 0,matched
Red Hot Chili Peppers - Look Around,Look Around,Red Hot Chili Peppers,I'm with You,2011,Harmonix,5,5,4,4,3,3,-1,-1,3,4,3,FALSE,TRUE,TRUE,TRUE,"drums_1.ogg, drums_2.ogg, drums_3.ogg, guitar.ogg, keys.ogg, rhythm.ogg, song.ogg, vocals.ogg",0 0 0 0 0 0,0 0 0 0,0 0 0 0 0 0,0 0 0 0,matched
Red Hot Chili Peppers - Monarchy of Roses,Monarchy of Roses,Red Hot Chili Peppers,I'm with You,2011,Harmonix,4,4,4,4,2,4,-1,-1,2,4,4,FALSE,TRUE,TRUE,TRUE,"drums_1.ogg, drums_2.ogg, guitar.ogg, keys.ogg, rhythm.ogg, song.ogg, vocals.ogg",0 0 0 0 0 0,0 0 0 0,0 0 0 0 0 0,0 0 0 0,matched
Red Hot Chili Peppers - Otherside,Otherside,Red Hot Chili Peppers,Californication,1999,Harmonix,2,2,2,4,-1,3,2,1,-1,4,3,TRUE,FALSE,TRUE,TRUE,"drums_1.ogg, drums_2.ogg, guitar.ogg, rhythm.ogg, song.ogg, vocals.ogg",0 0 0 0 0 0,0 0 0 0,0 0 0 0 0 0,0 0 0 0,matched
Red Hot Chili Peppers - Parallel Universe,Parallel Universe,Red Hot Chili Peppers,Californication,1999,Harmonix,5,3,3,4,-1,3,-1,-1,-1,4,-1,FALSE,FALSE,TRUE,FALSE,"drums_1.ogg, drums_2.ogg, drums_3.ogg, guitar.ogg, rhythm.ogg, song.ogg, vocals.ogg",0 0 0 0 0 0,0 0 0 0,0 0 0 0 0 0,0 0 0 0,matched
Red Hot Chili Peppers - Scar Tissue,Scar Tissue,Red Hot Chili Peppers,Californication,1999,Harmonix,2,2,2,3,-1,3,-1,-1,-1,3,3,FALSE,FALSE,TRUE,TRUE,"drums_1.ogg, drums_2.ogg, drums_3.ogg, guitar.ogg, rhythm.ogg, song.ogg, vocals.ogg",0 0 0 0 0 0,0 0 0 0,0 0 0 0 0 0,0 0 0 0,matched
Red Hot Chili Peppers - The Adventures of Rain Dance Maggie,The Adventures of Rain Dance Maggie,Red Hot Chili Peppers,I'm with You,2011,Harmonix,3,3,3,4,1,3,2,3,1,4,3,TRUE,TRUE,TRUE,TRUE,"drums_1.ogg, drums_2.ogg, drums_3.ogg, guitar.ogg, keys.ogg, rhythm.ogg, song.ogg, vocals.ogg",0 0 0 0 0 0,0 0 0 0,0 0 0 0 0 0,0 0 0 0,matched
Relient K - Must Have Done Something Right,Must Have Done Something Right,Relient K,Five Score and Seven Years Ago,2007,Harmonix,2,1,2,1,2,4,-1,-1,2,1,-1,FALSE,TRUE,TRUE,FALSE,"drums_1.ogg, drums_2.ogg, drums_3.ogg, guitar.ogg, keys.ogg, rhythm.ogg, song.ogg, vocals.ogg",0 0 0 0 0 0,0 0 0 0,0 0 0 0 0 0,0 0 0 0,matched
R.E.M. - Man on the Moon,Man on the Moon,R.E.M.,Automatic for the People,1992,Harmonix,1,1,1,3,1,3,-1,-1,2,3,3,FALSE,TRUE,TRUE,TRUE,"drums_1.ogg, drums_2.ogg, guitar.ogg, keys.ogg, rhythm.ogg, song.ogg, vocals.ogg",0 0 0 0 0 0,0 0 0 0,0 0 0 0 0 0,0 0 0 0,matched
REO Speedwagon - Keep on Loving You,Keep on Loving You,REO Speedwagon,Hi Infidelity,1980,Harmonix,2,3,3,2,3,3,-1,-1,3,2,3,FALSE,TRUE,TRUE,TRUE,"drums_1.ogg, drums_2.ogg, guitar.ogg, keys.ogg, rhythm.ogg, song.ogg, vocals.ogg",0 0 0 0 0 0,0 0 0 0,0 0 0 0 0 0,0 0 0 0,matched
Rick Astley - Never Gonna Give You Up,Never Gonna Give You Up,Rick Astley,Whenever You Need Somebody,1987,Harmonix,3,2,2,3,3,4,-1,-1,4,3,4,FALSE,TRUE,TRUE,TRUE,"drums_1.ogg, drums_2.ogg, drums_3.ogg, guitar.ogg, keys.ogg, rhythm.ogg, song.ogg, vocals.ogg",0 0 0 0 0 0,0 0 0 0,-1 -1 -1 -1 -1 -1,-1 -1 -1 -1,matched
Rick Springfield - Don't Talk to Strangers,Don't Talk to Strangers,Rick Springfield,Success Hasn't Spoiled Me Yet,1982,Harmonix,2,2,1,3,3,3,-1,-1,3,3,3,FALSE,TRUE,TRUE,TRUE,"drums_1.ogg, drums_2.ogg, guitar.ogg, keys.ogg, rhythm.ogg, song.ogg, vocals.ogg",0 0 0 0 0 0,0 0 0 0,0 0 0 0 0 0,0 0 0 0,matched
Rick Springfield - I've Done Everything for You,I've Done Everything for You,Rick Springfield,Working Class Dog,1981,Harmonix,1,3,2,3,-1,2,4,2,-1,3,2,TRUE,FALSE,TRUE,TRUE,"drums_1.ogg, drums_2.ogg, guitar.ogg, rhythm.ogg, song.ogg, vocals.ogg",0 0 0 0 0 0,0 0 0 0,0 0 0 0 0 0,0 0 0 0,matched
Rilo Kiley - Portions for Foxes,Portions for Foxes,Rilo Kiley,More Adventurous,2004,Harmonix,3,4,2,3,4,1,4,2,4,3,1,TRUE,TRUE,TRUE,TRUE,"drums_1.ogg, drums_2.ogg, drums_3.ogg, guitar.ogg, keys.ogg, rhythm.ogg, song.ogg, vocals.ogg",0 0 0 0 0 0,0 0 0 0,0 0 0 0 0 0,0 0 0 0,matched
Rise Against - Audience of One,Audience of One,Rise Against,Appeal to Reason,2008,Harmonix,3,3,3,4,-1,3,3,2,-1,4,3,TRUE,FALSE,TRUE,TRUE,"drums_1.ogg, drums_2.ogg, drums_3.ogg, guitar.ogg, rhythm.ogg, song.ogg, vocals.ogg",0 0 0 0 0 0,0 0 0 0,-1 -1 -1 -1 -1 -1,-1 -1 -1 -1,matched
Rise Against - Help Is on the Way,Help Is on the Way,Rise Against,Endgame,2011,Harmonix,4,4,3,4,-1,3,-1,-1,-1,4,3,FALSE,FALSE,TRUE,TRUE,"drums_1.ogg, drums_2.ogg, guitar.ogg, rhythm.ogg, song.ogg, vocals.ogg",0 0 0 0 0 0,0 0 0 0,-1 -1 -1 -1 -1 -1,-1 -1 -1 -1,matched
Rise Against - Satellite,Satellite,Rise Against,Endgame,2011,Harmonix,4,3,4,4,-1,4,-1,-1,-1,4,4,FALSE,FALSE,TRUE,TRUE,"drums_1.ogg, drums_2.ogg, guitar.ogg, rhythm.ogg, song.ogg, vocals.ogg",0 0 0 0 0 0,0 0 0 0,-1 -1 -1 -1 -1 -1,-1 -1 -1 -1,matched
Rise Against - The Good Left Undone,The Good Left Undone,Rise Against,The Sufferer & the Witness,2006,Harmonix,4,4,3,4,-1,3,2,2,-1,4,3,TRUE,FALSE,TRUE,TRUE,"drums_1.ogg, drums_2.ogg, drums_3.ogg, guitar.ogg, rhythm.ogg, song.ogg, vocals.ogg",0 0 0 0 0 0,0 0 0 0,-1 -1 -1 -1 -1 -1,-1 -1 -1 -1,matched
Riverboat Gamblers - Don't Bury Me__ I'm Still Not Dead,Don't Bury Me... I'm Still Not Dead,Riverboat Gamblers,To the Confusion of Our Enemies,2006,Harmonix,3,3,2,4,-1,2,2,0,-1,4,2,TRUE,FALSE,TRUE,TRUE,"drums_1.ogg, drums_2.ogg, drums_3.ogg, guitar.ogg, rhythm.ogg, song.ogg, vocals.ogg",0 0 0 0 0 0,0 0 0 0,Unknown,Unknown,matched_no_guitar_or_bass_track
Rob Zombie - Living Dead Girl,Living Dead Girl,Rob Zombie,Hellbilly Deluxe,1998,Harmonix,2,1,0,3,4,3,-1,-1,4,3,3,FALSE,TRUE,TRUE,TRUE,"drums.ogg, guitar.ogg, keys.ogg, rhythm.ogg, song.ogg, vocals.ogg",0 0 0 0 0 0,0 0 0 0,-2 0 0 0 0 0,-2 0 0 0,matched
Roxette - The Look,The Look,Roxette,Look Sharp!,1988,Harmonix,1,4,6,2,5,1,3,2,5,2,1,TRUE,TRUE,TRUE,TRUE,"drums_1.ogg, drums_2.ogg, drums_3.ogg, guitar.ogg, keys.ogg, rhythm.ogg, song.ogg, vocals.ogg",0 0 0 0 0 0,0 0 0 0,0 0 0 0 0 0,0 0 0 0,matched
Roy Orbison - Blue Bayou,Blue Bayou,Roy Orbison,In Dreams: The Greatest Hits,1963,Harmonix,1,1,1,0,2,4,-1,-1,3,0,4,FALSE,TRUE,TRUE,TRUE,"drums_1.ogg, drums_2.ogg, guitar.ogg, keys.ogg, rhythm.ogg, song.ogg, vocals.ogg",0 0 0 0 0 0,0 0 0 0,0 0 0 0 0 0,0 0 0 0,matched
Roy Orbison - Dream Baby (How Long Must I Dream),Dream Baby (How Long Must I Dream),Roy Orbison,In Dreams: The Greatest Hits,1962,Harmonix,2,4,1,3,2,3,-1,-1,2,3,3,FALSE,TRUE,TRUE,TRUE,"drums_1.ogg, drums_2.ogg, guitar.ogg, keys.ogg, rhythm.ogg, song.ogg, vocals.ogg",0 0 0 0 0 0,0 0 0 0,Unknown,Unknown,matched_no_guitar_or_bass_track
Roy Orbison - Only the Lonely (Know the Way I Feel),Only the Lonely (Know the Way I Feel),Roy Orbison,In Dreams: The Greatest Hits,1960,Harmonix,1,0,1,1,1,4,1,0,1,1,4,TRUE,TRUE,TRUE,TRUE,"drums_1.ogg, drums_2.ogg, drums_3.ogg, guitar.ogg, keys.ogg, rhythm.ogg, song.ogg, vocals.ogg",0 0 0 0 0 0,0 0 0 0,0 0 0 0 0 0,0 0 0 0,matched
Rufus (featuring Chaka Khan) - Tell Me Something Good,Tell Me Something Good,Rufus (ft. Chaka Khan),Rags to Rufus,1974,Harmonix,2,3,2,2,2,5,-1,-1,3,2,-1,FALSE,TRUE,TRUE,FALSE,"drums_1.ogg, drums_2.ogg, guitar.ogg, keys.ogg, rhythm.ogg, song.ogg, vocals.ogg",0 0 0 0 0 0,0 0 0 0,0 0 0 0 0 0,0 0 0 0,matched
Run-DMC - King of Rock,King of Rock,Run-DMC,King of Rock,1985,Harmonix,2,5,0,3,-1,1,-1,-1,-1,3,1,FALSE,FALSE,TRUE,TRUE,"drums_1.ogg, drums_2.ogg, drums_3.ogg, guitar.ogg, rhythm.ogg, song.ogg, vocals.ogg",0 0 0 0 0 0,0 0 0 0,0 0 0 0 0 0,0 0 0 0,matched
Rush - 2112,2112,Rush,2112,1976,Harmonix,6,5,5,6,-1,5,5,5,-1,6,5,TRUE,FALSE,TRUE,TRUE,"drums.ogg, guitar.ogg, rhythm.ogg, song.ogg, vocals.ogg",0 0 0 0 0 0,0 0 0 0,0 0 0 0 0 0,0 0 0 0,matched
"Rush - 2112 Pt.1 Overture, The Temples of Syrinx","2112 Pt.1: Overture, The Temples of Syrinx",Rush,2112,1976,Harmonix,5,4,4,5,-1,4,4,5,-1,5,4,TRUE,FALSE,TRUE,TRUE,"drums.ogg, guitar.ogg, rhythm.ogg, song.ogg, vocals.ogg",0 0 0 0 0 0,0 0 0 0,0 0 0 0 0 0,Unknown,matched
"Rush - 2112 Pt.2 Discovery, Presentation","2112 Pt.2: Discovery, Presentation",Rush,2112,1976,Harmonix,5,5,3,4,-1,4,4,4,-1,4,4,TRUE,FALSE,TRUE,TRUE,"drums.ogg, guitar.ogg, rhythm.ogg, song.ogg, vocals.ogg",0 0 0 0 0 0,0 0 0 0,0 0 0 0 0 0,0 0 0 0,matched
"Rush - 2112 Pt.3 Oracle The Dream, Soliloquy, Grand Finale","2112 Pt.3: Oracle: The Dream, Soliloquy, Grand Finale",Rush,2112,1976,Harmonix,6,5,5,6,-1,5,5,3,-1,6,-1,TRUE,FALSE,TRUE,FALSE,"drums.ogg, guitar.ogg, rhythm.ogg, song.ogg, vocals.ogg",0 0 0 0 0 0,0 0 0 0,0 0 0 0 0 0,Unknown,matched
Rush - Caravan (2x Bass Pedal Expert+),Caravan,Rush,Clockwork Angels,2010,Harmonix,5,4,4,4,3,3,-1,-1,3,4,3,FALSE,TRUE,TRUE,TRUE,"drums.ogg, guitar.ogg, keys.ogg, rhythm.ogg, song.ogg, vocals.ogg",0 0 0 0 0 0,0 0 0 0,0 0 0 0 0 0,0 0 0 0,matched
Rush - Fly by Night (2x Bass Pedal Expert+),Fly by Night,Rush,Fly by Night,1975,Harmonix,5,3,4,4,-1,5,4,4,-1,4,-1,TRUE,FALSE,TRUE,FALSE,"drums.ogg, guitar.ogg, rhythm.ogg, song.ogg, vocals.ogg",0 0 0 0 0 0,0 0 0 0,0 0 0 0 0 0,0 0 0 0,matched
Rush - Subdivisions,Subdivisions,Rush,Signals,1982,Harmonix,5,2,4,5,2,2,3,3,3,5,2,TRUE,TRUE,TRUE,TRUE,"drums.ogg, guitar.ogg, keys.ogg, rhythm.ogg, song.ogg, vocals.ogg",0 0 0 0 0 0,0 0 0 0,0 0 0 0 0 0,0 0 0 0,matched
Rush - The Spirit of Radio (Live),The Spirit of Radio (Live),Rush,Permanent Waves (40th Anniversary Edition),1980,Harmonix,5,6,4,5,1,4,5,5,1,5,-1,TRUE,TRUE,TRUE,FALSE,"drums.ogg, guitar.ogg, keys.ogg, rhythm.ogg, song.ogg, vocals.ogg",0 0 0 0 0 0,0 0 0 0,0 0 0 0 0 0,0 0 0 0,matched
Santana - Black Magic Woman,Black Magic Woman,Santana,Abraxas,1970,Harmonix,3,4,1,4,4,2,3,3,4,4,-1,TRUE,TRUE,TRUE,FALSE,"drums_1.ogg, drums_2.ogg, guitar.ogg, keys.ogg, rhythm.ogg, song.ogg, vocals.ogg",0 0 0 0 0 0,0 0 0 0,0 0 0 0 0 0,0 0 0 0,matched
Santana (ft. Rob Thomas) - Smooth,Smooth,Santana,Supernatural,1999,Harmonix,4,4,3,4,3,5,5,4,3,4,5,TRUE,TRUE,TRUE,TRUE,"drums_1.ogg, drums_2.ogg, drums_3.ogg, guitar.ogg, keys.ogg, rhythm.ogg, song.ogg, vocals.ogg",0 0 0 0 0 0,0 0 0 0,0 0 0 0 0 0,0 0 0 0,matched
Save Ferris - Come on Eileen,Come on Eileen,Save Ferris,It Means Everything,1997,Harmonix,4,5,3,3,3,3,3,3,3,3,-1,TRUE,TRUE,TRUE,FALSE,"drums_1.ogg, drums_2.ogg, drums_3.ogg, guitar.ogg, keys.ogg, rhythm.ogg, song.ogg, vocals.ogg",0 0 0 0 0 0,0 0 0 0,0 0 0 0 0 0,0 0 0 0,matched
Shania Twain - Party for Two (with Billy Currington),Party for Two (with Billy Currington),Shania Twain,Greatest Hits,2004,Harmonix,0,1,1,2,-1,4,-1,-1,-1,2,4,FALSE,FALSE,TRUE,TRUE,"drums_1.ogg, drums_2.ogg, drums_3.ogg, guitar.ogg, rhythm.ogg, song.ogg, vocals.ogg",0 0 0 0 0 0,0 0 0 0,0 0 0 0 0 0,0 0 0 0,matched
Shania Twain - Party for Two (with Billy Currington) (RB3 version),Party for Two (with Billy Currington) (RB3 version),Shania Twain,Greatest Hits,2004,Harmonix,0,1,1,2,1,4,-1,-1,0,2,4,FALSE,TRUE,TRUE,TRUE,"drums_1.ogg, drums_2.ogg, drums_3.ogg, guitar.ogg, keys.ogg, rhythm.ogg, song.ogg, vocals.ogg",0 0 0 0 0 0,0 0 0 0,0 0 0 0 0 0,0 0 0 0,matched
Sheryl Crow - All I Wanna Do,All I Wanna Do,Sheryl Crow,Tuesday Night Music Club,1993,Harmonix,4,3,3,2,2,6,-1,-1,3,2,6,FALSE,TRUE,TRUE,TRUE,"drums_1.ogg, drums_2.ogg, drums_3.ogg, guitar.ogg, keys.ogg, rhythm.ogg, song.ogg, vocals.ogg",0 0 0 0 0 0,0 0 0 0,0 0 0 0 0 0,0 0 0 0,matched
Shinedown - Bully,Bully,Shinedown,Amaryllis,2012,Harmonix,4,4,4,2,4,3,-1,-1,5,2,3,FALSE,TRUE,TRUE,TRUE,"drums_1.ogg, drums_2.ogg, guitar.ogg, keys.ogg, rhythm.ogg, song.ogg, vocals.ogg",0 0 0 0 0 0,0 0 0 0,-3 -1 -1 -1 -1 -1,-3 -1 -1 -1,matched
Shinedown - Second Chance,Second Chance,Shinedown,The Sound of Madness,2008,Harmonix,2,2,2,2,3,4,1,1,3,2,4,TRUE,TRUE,TRUE,TRUE,"drums_1.ogg, drums_2.ogg, guitar.ogg, keys.ogg, rhythm.ogg, song.ogg, vocals.ogg",0 0 0 0 0 0,0 0 0 0,0 0 0 0 0 0,0 0 0 0,matched
Shinedown - The Crow & the Butterfly,The Crow & the Butterfly,Shinedown,The Sound of Madness,2008,Harmonix,2,3,1,1,3,3,-1,-1,3,1,3,FALSE,TRUE,TRUE,TRUE,"drums_1.ogg, drums_2.ogg, drums_3.ogg, guitar.ogg, keys.ogg, rhythm.ogg, song.ogg, vocals.ogg",0 0 0 0 0 0,0 0 0 0,-2 0 0 0 0 0,-2 0 0 0,matched
Siouxsie and The Banshees - Cities in Dust,Cities in Dust,Siouxsie and The Banshees,Tinderbox,1986,Harmonix,2,3,3,3,1,3,1,1,1,3,-1,TRUE,TRUE,TRUE,FALSE,"drums_1.ogg, drums_2.ogg, drums_3.ogg, guitar.ogg, keys.ogg, rhythm.ogg, song.ogg, vocals.ogg",0 0 0 0 0 0,0 0 0 0,0 0 0 0 0 0,0 0 0 0,matched
Skizoo - Dame Aire (2x Bass Pedal Expert+),Dame Aire,Skizoo,Incerteza,2007,Harmonix,6,6,4,5,-1,3,-1,-1,-1,5,3,FALSE,FALSE,TRUE,TRUE,"drums_1.ogg, drums_2.ogg, drums_3.ogg, guitar.ogg, rhythm.ogg, song.ogg, vocals.ogg",0 0 0 0 0 0,0 0 0 0,-4 -2 -2 -2 -2 -2,-4 -2 -2 -2,matched
Slayer - Raining Blood (2x Bass Pedal Expert+),Raining Blood,Slayer,Reign in Blood,1986,Harmonix,6,6,4,6,-1,0,6,3,-1,6,-1,TRUE,FALSE,TRUE,FALSE,"drums_1.ogg, drums_2.ogg, drums_3.ogg, guitar.ogg, rhythm.ogg, song.ogg, vocals.ogg",0 0 0 0 0 0,0 0 0 0,-1 -1 -1 -1 -1 -1,-1 -1 -1 -1,matched
Slayer - Seasons in the Abyss (2x Bass Pedal Expert+),Seasons in the Abyss,Slayer,Seasons in the Abyss,1990,Harmonix,5,6,4,4,-1,2,-1,-1,-1,4,2,FALSE,FALSE,TRUE,TRUE,"drums_1.ogg, drums_2.ogg, guitar.ogg, rhythm.ogg, song.ogg, vocals.ogg",0 0 0 0 0 0,0 0 0 0,-1 -1 -1 -1 -1 -1,-1 -1 -1 -1,matched
Slayer - South of Heaven (2x Bass Pedal Expert+),South of Heaven,Slayer,South of Heaven,1988,Harmonix,5,5,4,5,-1,1,-1,-1,-1,5,-1,FALSE,FALSE,TRUE,FALSE,"drums_1.ogg, drums_2.ogg, guitar.ogg, rhythm.ogg, song.ogg, vocals.ogg",0 0 0 0 0 0,0 0 0 0,-1 -1 -1 -1 -1 -1,-1 -1 -1 -1,matched
Slipknot - Before I Forget (2x Bass Pedal Expert+),Before I Forget,Slipknot,Vol. 3: (The Subliminal Verses),2004,Harmonix,5,6,5,5,0,0,4,6,0,5,0,TRUE,TRUE,TRUE,TRUE,"drums_1.ogg, drums_2.ogg, drums_3.ogg, guitar.ogg, keys.ogg, rhythm.ogg, song.ogg, vocals.ogg",0 0 0 0 0 0,0 0 0 0,-5 -3 -3 -3 -3 -3,-5 -3 -3 -3,matched
Slipknot - Left Behind (2x Bass Pedal Expert+),Left Behind,Slipknot,Iowa,2001,Harmonix,4,4,3,5,-1,2,-1,-1,-1,5,2,FALSE,FALSE,TRUE,TRUE,"drums_1.ogg, drums_2.ogg, guitar.ogg, rhythm.ogg, song.ogg, vocals.ogg",0 0 0 0 0 0,0 0 0 0,-5 -3 -3 -3 -3 -3,-5 -3 -3 -3,matched
Slipknot - Pulse of the Maggots (2x Bass Pedal Expert+),Pulse of the Maggots,Slipknot,Vol. 3: (The Subliminal Verses),2004,Harmonix,5,6,4,5,1,2,-1,-1,1,5,2,FALSE,TRUE,TRUE,TRUE,"drums_1.ogg, drums_2.ogg, drums_3.ogg, guitar.ogg, keys.ogg, rhythm.ogg, song.ogg, vocals.ogg",0 0 0 0 0 0,0 0 0 0,-5 -3 -3 -3 -3 -3,-5 -3 -3 -3,matched
Slipknot - Snuff,Snuff,Slipknot,All Hope Is Gone,2008,Harmonix,1,1,1,2,1,3,2,2,1,2,3,TRUE,TRUE,TRUE,TRUE,"drums_1.ogg, drums_2.ogg, drums_3.ogg, guitar.ogg, keys.ogg, rhythm.ogg, song.ogg, vocals.ogg",0 0 0 0 0 0,0 0 0 0,-3 -3 -3 -3 -3 -3,-3 -3 -3 -3,matched
Slipknot - Wait and Bleed (2x Bass Pedal Expert+),Wait and Bleed,Slipknot,Slipknot,1999,Harmonix,5,6,4,5,-1,2,3,4,-1,5,2,TRUE,FALSE,TRUE,TRUE,"drums_1.ogg, drums_2.ogg, drums_3.ogg, guitar.ogg, rhythm.ogg, song.ogg, vocals.ogg",-2 0 0 0 0 0,-2 0 0 0,-5 -3 -3 -3 -3 -3,-5 -3 -3 -3,matched
Smash Mouth - Can't Get Enough of You Baby,Can't Get Enough of You Baby,Smash Mouth,Astro Lounge,1999,Harmonix,1,2,1,2,3,2,-1,-1,3,2,2,FALSE,TRUE,TRUE,TRUE,"drums_1.ogg, drums_2.ogg, drums_3.ogg, guitar.ogg, keys.ogg, rhythm.ogg, song.ogg, vocals.ogg",0 0 0 0 0 0,0 0 0 0,0 0 0 0 0 0,0 0 0 0,matched
Smash Mouth - Walking on the Sun,Walking on the Sun,Smash Mouth,Fush Yu Mang,1997,Harmonix,0,0,0,0,2,3,1,1,2,0,3,TRUE,TRUE,TRUE,TRUE,"drums_1.ogg, drums_2.ogg, guitar.ogg, keys.ogg, rhythm.ogg, song.ogg, vocals.ogg",0 0 0 0 0 0,0 0 0 0,-1 -1 -1 -1 -1 -1,-1 -1 -1 -1,matched
Smash Mouth - Why Can't We Be Friends,Why Can't We Be Friends,Smash Mouth,Fush Yu Mang,1997,Harmonix,5,4,3,5,4,2,-1,-1,4,5,2,FALSE,TRUE,TRUE,TRUE,"drums_1.ogg, drums_2.ogg, guitar.ogg, keys.ogg, rhythm.ogg, song.ogg, vocals.ogg",0 0 0 0 0 0,0 0 0 0,-1 -1 -1 -1 -1 -1,-1 -1 -1 -1,matched
Soft Cell - Tainted Love,Tainted Love,Soft Cell,Non-Stop Erotic Cabaret,1981,Harmonix,0,0,1,0,1,2,-1,-1,2,0,2,FALSE,TRUE,TRUE,TRUE,"drums_1.ogg, drums_2.ogg, guitar.ogg, keys.ogg, rhythm.ogg, song.ogg, vocals.ogg",0 0 0 0 0 0,0 0 0 0,0 0 0 0 0 0,0 0 0 0,matched
Soundgarden - Blow Up the Outside World,Blow Up the Outside World,Soundgarden,Down on the Upside,1996,Harmonix,1,2,2,3,-1,3,-1,-1,-1,3,-1,FALSE,FALSE,TRUE,FALSE,"drums_1.ogg, drums_2.ogg, guitar.ogg, rhythm.ogg, song.ogg, vocals.ogg",0 0 0 0 0 0,0 0 0 0,0 0 0 0 0 0,0 0 0 0,matched
Soundgarden - Burden in My Hand,Burden in My Hand,Soundgarden,Down on the Upside,1996,Harmonix,3,3,4,3,-1,3,2,5,-1,3,-1,TRUE,FALSE,TRUE,FALSE,"drums_1.ogg, drums_2.ogg, guitar.ogg, rhythm.ogg, song.ogg, vocals.ogg",-4 -2 -2 0 -4 0,-4 -2 -2 0,-4 -2 -2 0 -4 0,-4 -2 -2 0,matched
Soundgarden - Fell on Black Days,Fell on Black Days,Soundgarden,Superunknown,1994,Harmonix,2,4,2,3,-1,2,-1,-1,-1,3,-1,FALSE,FALSE,TRUE,FALSE,"drums_1.ogg, drums_2.ogg, drums_3.ogg, guitar.ogg, rhythm.ogg, song.ogg, vocals.ogg",0 0 0 0 0 0,0 0 0 0,0 0 0 0 0 0,0 0 0 0,matched
Soundgarden - Outshined,Outshined,Soundgarden,Badmotorfinger,1991,Harmonix,2,3,2,3,-1,3,2,3,-1,3,-1,TRUE,FALSE,TRUE,FALSE,"drums_1.ogg, drums_2.ogg, drums_3.ogg, guitar.ogg, rhythm.ogg, song.ogg, vocals.ogg",-2 0 0 0 0 0,-2 0 0 0,-2 0 0 0 0 0,-2 0 0 0,matched
Soundgarden - Rusty Cage,Rusty Cage,Soundgarden,Badmotorfinger,1991,Harmonix,4,4,4,3,-1,3,-1,-1,-1,3,-1,FALSE,FALSE,TRUE,FALSE,"drums_1.ogg, drums_2.ogg, drums_3.ogg, guitar.ogg, rhythm.ogg, song.ogg, vocals.ogg",0 0 0 0 0 0,0 0 0 0,-5 0 0 0 0 0,-2 0 0 0,matched
Soundgarden - The Day I Tried to Live,The Day I Tried to Live,Soundgarden,Superunknown,1994,Harmonix,2,3,3,3,-1,3,2,1,-1,3,-1,TRUE,FALSE,TRUE,FALSE,"drums_1.ogg, drums_2.ogg, drums_3.ogg, guitar.ogg, rhythm.ogg, song.ogg, vocals.ogg",0 -5 -3 4 0 -5,0 0 0 0,0 -5 -3 4 0 -5,0 0 0 0,matched
Spacehog - In the Meantime,In the Meantime,Spacehog,Resident Alien,1995,Harmonix,4,4,1,4,1,5,5,5,1,4,5,TRUE,TRUE,TRUE,TRUE,"drums_1.ogg, drums_2.ogg, drums_3.ogg, guitar.ogg, keys.ogg, rhythm.ogg, song.ogg, vocals.ogg",0 0 0 0 0 0,0 0 0 0,0 0 0 0 0 0,0 0 0 0,matched
Staind - It's Been Awhile,It's Been Awhile,Staind,Break the Cycle,2001,Harmonix,0,1,1,2,-1,1,-1,-1,-1,2,1,FALSE,FALSE,TRUE,TRUE,"drums_1.ogg, drums_2.ogg, drums_3.ogg, guitar.ogg, rhythm.ogg, song.ogg, vocals.ogg",0 0 0 0 0 0,0 0 0 0,-1 -1 -1 -1 -1 -1,-3 -3 -1 -1 -1,matched
Staind - Not Again (2x Bass Pedal Expert+),Not Again,Staind,Staind,2011,Harmonix,3,5,1,3,-1,2,-1,-1,-1,3,2,FALSE,FALSE,TRUE,TRUE,"drums_1.ogg, drums_2.ogg, drums_3.ogg, guitar.ogg, rhythm.ogg, song.ogg, vocals.ogg",0 0 0 0 0 0,0 0 0 0,-5 -3 -1 -1 -1 -1 -1,Unknown,matched
Staind - So Far Away,So Far Away,Staind,14 Shades of Grey,2003,Harmonix,1,2,1,2,-1,2,-1,-1,-1,2,2,FALSE,FALSE,TRUE,TRUE,"drums_1.ogg, drums_2.ogg, guitar.ogg, rhythm.ogg, song.ogg, vocals.ogg",0 0 0 0 0 0,0 0 0 0,-8 -6 -6 -6 -8 -8,-3 -1 -1 -1 -4,matched
Starship - We Built This City,We Built This City,Starship,Knee Deep in the Hoopla,1985,Harmonix,5,6,2,3,3,4,-1,-1,3,3,4,FALSE,TRUE,TRUE,TRUE,"drums_1.ogg, drums_2.ogg, drums_3.ogg, guitar.ogg, keys.ogg, rhythm.ogg, song.ogg, vocals.ogg",0 0 0 0 0 0,0 0 0 0,0 0 0 0 0 0,-1 0 0 0 0,matched
Steve Miller Band - Fly Like an Eagle,Fly Like an Eagle,Steve Miller Band,Fly Like an Eagle,1976,Harmonix,3,0,5,5,5,1,1,5,5,5,1,TRUE,TRUE,TRUE,TRUE,"drums_1.ogg, drums_2.ogg, drums_3.ogg, guitar.ogg, keys.ogg, rhythm.ogg, song.ogg, vocals.ogg",0 0 0 0 0 0,0 0 0 0,0 0 0 0 0 0,0 0 0 0,matched
Stevie Nicks - Edge of Seventeen (Just Like the White Winged Dove),Edge of Seventeen (Just Like the White Winged Dove),Stevie Nicks,Bella Donna,1981,Harmonix,4,3,2,4,5,5,0,1,5,4,5,TRUE,TRUE,TRUE,TRUE,"drums_1.ogg, drums_2.ogg, drums_3.ogg, guitar.ogg, keys.ogg, rhythm.ogg, song.ogg, vocals.ogg",0 0 0 0 0 0,0 0 0 0,0 0 0 0 0 0,0 0 0 0,matched
Stevie Nicks - Stand Back,Stand Back,Stevie Nicks,The Wild Heart,1983,Harmonix,4,3,3,4,3,4,-1,-1,3,4,4,FALSE,TRUE,TRUE,TRUE,"drums_1.ogg, drums_2.ogg, drums_3.ogg, guitar.ogg, keys.ogg, rhythm.ogg, song.ogg, vocals.ogg",0 0 0 0 0 0,0 0 0 0,0 0 0 0 0 0,0 0 0 0,matched
Stevie Nicks - Stop Draggin' My Heart Around,Stop Draggin' My Heart Around,Stevie Nicks,Bella Donna,1981,Harmonix,3,3,1,4,3,4,2,1,3,4,4,TRUE,TRUE,TRUE,TRUE,"drums_1.ogg, drums_2.ogg, guitar.ogg, keys.ogg, rhythm.ogg, song.ogg, vocals.ogg",0 0 0 0 0 0,0 0 0 0,0 0 0 0 0 0,0 0 0 0,matched
Stevie Wonder - Higher Ground,Higher Ground,Stevie Wonder,Innervisions,1973,Harmonix,6,4,5,4,6,4,-1,-1,6,4,-1,FALSE,TRUE,TRUE,FALSE,"drums_1.ogg, drums_2.ogg, guitar.ogg, keys.ogg, rhythm.ogg, song.ogg, vocals.ogg",0 0 0 0 0 0,0 0 0 0,Unknown,0 0 0 0 0,matched
Stevie Wonder - I Wish,I Wish,Stevie Wonder,Songs in the Key of Life,1976,Harmonix,6,6,4,5,6,5,6,4,6,5,5,TRUE,TRUE,TRUE,TRUE,"drums_1.ogg, drums_2.ogg, drums_3.ogg, guitar.ogg, keys.ogg, rhythm.ogg, song.ogg, vocals.ogg",0 0 0 0 0 0,0 0 0 0,0 0 0 0 0 0,0 0 0 0,matched
Stevie Wonder - Living for the City,Living for the City,Stevie Wonder,Innervisions,1973,Harmonix,5,3,3,3,3,6,-1,-1,3,3,6,FALSE,TRUE,TRUE,TRUE,"drums_1.ogg, drums_2.ogg, guitar.ogg, keys.ogg, rhythm.ogg, song.ogg, vocals.ogg",0 0 0 0 0 0,0 0 0 0,Unknown,0 0 0 0 0,matched
Stevie Wonder - Sir Duke,Sir Duke,Stevie Wonder,Songs in the Key of Life,1976,Harmonix,6,4,5,4,5,6,4,5,5,4,-1,TRUE,TRUE,TRUE,FALSE,"drums_1.ogg, drums_2.ogg, drums_3.ogg, guitar.ogg, keys.ogg, rhythm.ogg, song.ogg, vocals.ogg",0 0 0 0 0 0,0 0 0 0,0 0 0 0 0 0,0 0 0 0,matched
Stevie Wonder - Superstition,Superstition,Stevie Wonder,Talking Book,1972,Harmonix,6,3,6,4,5,6,-1,-1,5,4,-1,FALSE,TRUE,TRUE,FALSE,"drums_1.ogg, drums_2.ogg, guitar.ogg, keys.ogg, rhythm.ogg, song.ogg, vocals.ogg",0 0 0 0 0 0,0 0 0 0,Unknown,0 0 0 0 0,matched
Stone Sour - Made of Scars,Made of Scars,Stone Sour,Come What(ever) May,2006,Harmonix,4,4,3,4,-1,2,-1,-1,-1,4,2,FALSE,FALSE,TRUE,TRUE,"drums_1.ogg, drums_2.ogg, drums_3.ogg, guitar.ogg, rhythm.ogg, song.ogg, vocals.ogg",0 0 0 0 0 0,0 0 0 0,-3 -1 -1 -1 -1 -1,0 0 0 0,matched
Stone Sour - Say You'll Haunt Me (2x Bass Pedal Expert+),Say You'll Haunt Me,Stone Sour,Audio Secrecy,2010,Harmonix,3,3,3,4,0,2,4,3,0,4,2,TRUE,TRUE,TRUE,TRUE,"drums_1.ogg, drums_2.ogg, drums_3.ogg, guitar.ogg, keys.ogg, rhythm.ogg, song.ogg, vocals.ogg",-2 0 0 0 0 0,0 0 0 0,-3 -3 -3 -3 -3 -3,-3 -3 -3 -3,matched
Stone Sour - Through Glass,Through Glass,Stone Sour,Come What(ever) May,2006,Harmonix,3,3,3,4,0,2,-1,-1,0,4,2,FALSE,TRUE,TRUE,TRUE,"drums_1.ogg, drums_2.ogg, drums_3.ogg, guitar.ogg, keys.ogg, rhythm.ogg, song.ogg, vocals.ogg",0 0 0 0 0 0,0 0 0 0,-1 -1 -1 -1 -1 -1,-1 -1 -1 -1,matched
Stone Temple Pilots - Big Bang Baby,Big Bang Baby,Stone Temple Pilots,Tiny Music... Songs from the Vatican Gift Shop,1996,Harmonix,2,4,3,3,0,2,3,3,1,3,2,TRUE,TRUE,TRUE,TRUE,"drums_1.ogg, drums_2.ogg, guitar.ogg, keys.ogg, rhythm.ogg, song.ogg, vocals.ogg",0 0 0 0 0 0,0 0 0 0,0 0 0 0 0 0,0 0 0 0,matched
Stone Temple Pilots - Plush,Plush,Stone Temple Pilots,Core,1992,Harmonix,2,3,2,2,-1,2,4,4,-1,2,-1,TRUE,FALSE,TRUE,FALSE,"drums_1.ogg, drums_2.ogg, drums_3.ogg, guitar.ogg, rhythm.ogg, song.ogg, vocals.ogg",0 0 0 0 0 0,0 0 0 0,0 0 0 0 0 0,0 0 0 0,matched
Sublime - Santeria,Santeria,Sublime,Sublime,1996,Harmonix,3,3,4,3,-1,3,4,4,-1,3,-1,TRUE,FALSE,TRUE,FALSE,"drums_1.ogg, drums_2.ogg, guitar.ogg, rhythm.ogg, song.ogg, vocals.ogg",0 0 0 0 0 0,0 0 0 0,0 0 0 0 0 0,0 0 0 0,matched
Sublime - What I Got,What I Got,Sublime,Sublime,1996,Harmonix,1,3,1,2,1,3,-1,-1,1,2,3,FALSE,TRUE,TRUE,TRUE,"drums.ogg, guitar.ogg, keys.ogg, rhythm.ogg, song.ogg, vocals.ogg",0 0 0 0 0 0,0 0 0 0,0 0 0 0 0 0,0 0 0 0,matched
Sublime with Rome - Panic,Panic,Sublime with Rome,Yours Truly,2011,Harmonix,5,4,3,5,3,4,3,4,4,5,4,TRUE,TRUE,TRUE,TRUE,"drums_1.ogg, drums_2.ogg, drums_3.ogg, guitar.ogg, keys.ogg, rhythm.ogg, song.ogg, vocals.ogg",0 0 0 0 0 0,0 0 0 0,0 0 0 0 0 0,0 0 0 0,matched
Sublime - Wrong Way,Wrong Way,Sublime,Sublime,1996,Harmonix,2,3,3,2,2,4,-1,-1,2,2,-1,FALSE,TRUE,TRUE,FALSE,"drums_1.ogg, drums_2.ogg, guitar.ogg, keys.ogg, rhythm.ogg, song.ogg, vocals.ogg",0 0 0 0 0 0,0 0 0 0,0 0 0 0 0 0,0 0 0 0,matched
Sugarland - Settlin',Settlin',Sugarland,Enjoy the Ride,2006,Harmonix,1,2,2,2,-1,3,-1,-1,-1,2,3,FALSE,FALSE,TRUE,TRUE,"drums_1.ogg, drums_2.ogg, drums_3.ogg, guitar.ogg, rhythm.ogg, song.ogg, vocals.ogg",0 0 0 0 0 0,0 0 0 0,0 0 0 0 0 0,Unknown,matched
Sugarland - Settlin' (RB3 version),Settlin' (RB3 version),Sugarland,Enjoy the Ride,2006,Harmonix,1,2,2,2,4,3,-1,-1,4,2,3,FALSE,TRUE,TRUE,TRUE,"drums_1.ogg, drums_2.ogg, drums_3.ogg, guitar.ogg, keys.ogg, rhythm.ogg, song.ogg, vocals.ogg",0 0 0 0 0 0,0 0 0 0,0 0 0 0 0 0,Unknown,matched
Sum 41 - Fat Lip,Fat Lip,Sum 41,"All Killer, No Filler",2001,Harmonix,3,3,3,4,-1,4,2,2,-1,4,4,TRUE,FALSE,TRUE,TRUE,"drums_1.ogg, drums_2.ogg, drums_3.ogg, guitar.ogg, rhythm.ogg, song.ogg, vocals.ogg",-2 0 0 0 0 0,-2 0 0 0,-2 0 0 0 0 0,-2 0 0 0,matched
Sum 41 - Still Waiting,Still Waiting,Sum 41,Does This Look Infected?,2002,Harmonix,4,4,3,4,-1,3,-1,-1,-1,4,3,FALSE,FALSE,TRUE,TRUE,"drums_1.ogg, drums_2.ogg, drums_3.ogg, guitar.ogg, rhythm.ogg, song.ogg, vocals.ogg",0 0 0 0 0 0,0 0 0 0,0 0 0 0 0 0,0 0 0 0,matched
Swingin' Utters - This Bastard's Life,This Bastard's Life,Swingin' Utters,Five Lessons Learned,1998,Harmonix,2,2,5,1,5,2,3,3,5,1,2,TRUE,TRUE,TRUE,TRUE,"drums_1.ogg, drums_2.ogg, drums_3.ogg, guitar.ogg, keys.ogg, rhythm.ogg, song.ogg, vocals.ogg",0 0 0 0 0 0,0 0 0 0,0 0 0 0 0 0,0 0 0 0,matched
System of a Down - Aerials,Aerials,System of a Down,Toxicity,2001,Harmonix,1,3,1,4,1,2,2,0,0,4,2,TRUE,TRUE,TRUE,TRUE,"drums_1.ogg, drums_2.ogg, guitar.ogg, keys.ogg, rhythm.ogg, song.ogg, vocals.ogg",-2 0 0 0 0 0,-2 0 0 0,-4 -2 -2 -2 -2 -2,-4 -2 -2 -2,matched
System of a Down - Hypnotize,Hypnotize,System of a Down,Hypnotize,2005,Harmonix,4,3,3,4,-1,3,-1,-1,-1,4,3,FALSE,FALSE,TRUE,TRUE,"drums_1.ogg, drums_2.ogg, guitar.ogg, rhythm.ogg, song.ogg, vocals.ogg",0 0 0 0 0 0,0 0 0 0,-3 -1 -1 -1 -1 -1,-3 -1 -1 -1,matched
Talking Heads - Burning Down the House,Burning Down the House,Talking Heads,Speaking in Tongues,1983,Harmonix,3,2,1,3,3,2,1,1,4,3,2,TRUE,TRUE,TRUE,TRUE,"drums_1.ogg, drums_2.ogg, drums_3.ogg, guitar.ogg, keys.ogg, rhythm.ogg, song.ogg, vocals.ogg",0 0 0 0 0 0,0 0 0 0,0 0 0 0 0 0,0 0 0 0,matched
Tears for Fears - Everybody Wants to Rule the World,Everybody Wants to Rule the World,Tears for Fears,Songs from the Big Chair,1985,Harmonix,2,1,3,5,2,3,4,0,2,5,3,TRUE,TRUE,TRUE,TRUE,"drums_1.ogg, drums_2.ogg, drums_3.ogg, guitar.ogg, keys.ogg, rhythm.ogg, song.ogg, vocals.ogg",0 0 0 0 0 0,0 0 0 0,0 0 0 0 0 0,-2 0 0 0,matched
Tears for Fears - Head Over Heels,Head Over Heels,Tears for Fears,Songs from the Big Chair,1985,Harmonix,2,2,2,2,2,5,-1,-1,3,2,5,FALSE,TRUE,TRUE,TRUE,"drums_1.ogg, drums_2.ogg, drums_3.ogg, guitar.ogg, keys.ogg, rhythm.ogg, song.ogg, vocals.ogg",0 0 0 0 0 0,0 0 0 0,0 0 0 0 0 0,0 0 0 0,matched
Tegan and Sara - The Con,The Con,Tegan and Sara,The Con,2007,Harmonix,1,2,2,2,0,6,2,3,1,2,6,TRUE,TRUE,TRUE,TRUE,"drums_1.ogg, drums_2.ogg, drums_3.ogg, guitar.ogg, keys.ogg, rhythm.ogg, song.ogg, vocals.ogg",0 0 0 0 0 0,0 0 0 0,0 0 0 0 0 0,0 0 0 0,matched
Tenacious D - Rize of the Fenix,Rize of the Fenix,Tenacious D,Rize of the Fenix,2012,Harmonix,5,4,4,6,-1,5,-1,-1,-1,6,5,FALSE,FALSE,TRUE,TRUE,"drums.ogg, guitar.ogg, rhythm.ogg, song.ogg, vocals.ogg",0 0 0 0 0 0,0 0 0 0,0 0 0 0 0 0,0 0 0 0,matched
The All-American Rejects - Gonzo,Gonzo,The All-American Rejects,Kids in the Street,2012,Harmonix,2,1,3,3,2,3,-1,-1,2,3,3,FALSE,TRUE,TRUE,TRUE,"drums_1.ogg, drums_2.ogg, drums_3.ogg, guitar.ogg, keys.ogg, rhythm.ogg, song.ogg, vocals.ogg",0 0 0 0 0 0,0 0 0 0,-1 -1 -1 -1 -1 -1,-1 -1 -1 -1,matched
The Allman Brothers Band - Jessica,Jessica,The Allman Brothers Band,Brothers and Sisters,1973,Harmonix,6,5,5,5,5,-1,5,5,5,5,-1,TRUE,TRUE,TRUE,FALSE,"drums.ogg, guitar.ogg, keys.ogg, rhythm.ogg, song.ogg",0 0 0 0 0 0,0 0 0 0,0 0 0 0 0 0,0 0 0 0,matched
The B-52's - Love Shack,Love Shack,The B-52's,Cosmic Thing,1989,Harmonix,1,3,2,2,1,4,2,2,1,2,4,TRUE,TRUE,TRUE,TRUE,"drums_1.ogg, drums_2.ogg, drums_3.ogg, guitar.ogg, keys.ogg, rhythm.ogg, song.ogg, vocals.ogg",0 0 0 0 0 0,0 0 0 0,0 0 0 0 0 0,0 0 0 0,matched
The B-52's - Rock Lobster,Rock Lobster,The B-52's,The B-52's,1979,Harmonix,3,4,2,5,1,5,1,2,1,5,5,TRUE,TRUE,TRUE,TRUE,"drums_1.ogg, drums_2.ogg, drums_3.ogg, guitar.ogg, keys.ogg, rhythm.ogg, song.ogg, vocals.ogg",0 0 0 0 0 0,0 0 0 0,-14 -14 -6 -11,-4 -4 9 -3,matched
The Band - The Weight (Live),The Weight (Live),The Band,Rock of Ages,1972,Harmonix,3,3,3,2,3,5,3,4,4,2,5,TRUE,TRUE,TRUE,TRUE,"drums_1.ogg, drums_2.ogg, guitar.ogg, keys.ogg, rhythm.ogg, song.ogg, vocals.ogg",0 0 0 0 0 0,0 0 0 0,0 0 0 0 0 0,0 0 0 0,matched
The Beach Boys - Good Vibrations (Live),Good Vibrations (Live),The Beach Boys,Live in London,1970,Harmonix,3,1,1,1,3,6,1,2,4,1,6,TRUE,TRUE,TRUE,TRUE,"drums_1.ogg, drums_2.ogg, guitar.ogg, keys.ogg, rhythm.ogg, song.ogg, vocals.ogg",0 0 0 0 0 0,0 0 0 0,0 0 0 0 0 0,0 0 0 0,matched
The Bee Gees - Jive Talkin',Jive Talkin',The Bee Gees,Main Course,1975,Harmonix,2,2,3,3,2,3,-1,-1,2,3,3,FALSE,TRUE,TRUE,TRUE,"drums.ogg, guitar.ogg, keys.ogg, rhythm.ogg, song.ogg, vocals.ogg",0 0 0 0 0 0,0 0 0 0,0 0 0 0 0 0,Unknown,matched
The Bee Gees - Night Fever,Night Fever,The Bee Gees,Saturday Night Fever: OST,1977,Harmonix,5,1,2,3,2,4,-1,-1,3,3,4,FALSE,TRUE,TRUE,TRUE,"drums.ogg, guitar.ogg, keys.ogg, rhythm.ogg, song.ogg, vocals.ogg",0 0 0 0 0 0,0 0 0 0,0 0 0 0 0 0,0 0 0 0,matched
The Bee Gees - Nights on Broadway,Nights on Broadway,The Bee Gees,Main Course,1975,Harmonix,6,2,3,4,3,6,-1,-1,4,4,6,FALSE,TRUE,TRUE,TRUE,"drums_1.ogg, drums_2.ogg, guitar.ogg, keys.ogg, rhythm.ogg, song.ogg, vocals.ogg",0 0 0 0 0 0,0 0 0 0,0 0 0 0 0 0,0 0 0 0,matched
The Bee Gees - Stayin' Alive,Stayin' Alive,The Bee Gees,Saturday Night Fever: OST,1977,Harmonix,4,2,2,2,2,3,1,2,3,2,3,TRUE,TRUE,TRUE,TRUE,"drums.ogg, guitar.ogg, keys.ogg, rhythm.ogg, song.ogg, vocals.ogg",0 0 0 0 0 0,0 0 0 0,0 0 0 0 0 0,0 0 0 0,matched
The Bee Gees - Tragedy,Tragedy,The Bee Gees,Spirits Having Flown,1979,Harmonix,6,2,2,4,5,3,-1,-1,5,4,2,FALSE,TRUE,TRUE,TRUE,"drums_1.ogg, drums_2.ogg, drums_3.ogg, guitar.ogg, keys.ogg, rhythm.ogg, song.ogg, vocals.ogg",0 0 0 0 0 0,0 0 0 0,Unknown,Unknown,matched_no_guitar_or_bass_track
The Bee Gees - You Should Be Dancing,You Should Be Dancing,The Bee Gees,Children of the World,1976,Harmonix,5,4,5,4,2,3,-1,-1,3,4,3,FALSE,TRUE,TRUE,TRUE,"drums_1.ogg, drums_2.ogg, drums_3.ogg, guitar.ogg, keys.ogg, rhythm.ogg, song.ogg, vocals.ogg",0 0 0 0 0 0,0 0 0 0,Unknown,Unknown,matched_no_guitar_or_bass_track
The Black Crowes - Remedy,Remedy,The Black Crowes,The Southern Harmony and Musical Companion,1992,Harmonix,4,4,2,3,3,5,-1,-1,3,3,-1,FALSE,TRUE,TRUE,FALSE,"drums_1.ogg, drums_2.ogg, guitar.ogg, keys.ogg, rhythm.ogg, song.ogg, vocals.ogg",0 0 0 0 0 0,0 0 0 0,0 0 0 0 0 0,0 0 0 0,matched
The Black Crowes - She Talks to Angels,She Talks to Angels,The Black Crowes,Shake Your Money Maker,1990,Harmonix,3,3,2,1,3,4,2,1,4,1,-1,TRUE,TRUE,TRUE,FALSE,"drums_1.ogg, drums_2.ogg, guitar.ogg, keys.ogg, rhythm.ogg, song.ogg, vocals.ogg",0 0 0 0 0 0,0 0 0 0,0 2 2 1 0 0,0 0 0 0,matched
The Black Crowes - Sometimes Salvation,Sometimes Salvation,The Black Crowes,The Southern Harmony and Musical Companion,1992,Harmonix,3,3,1,2,-1,6,-1,-1,-1,2,-1,FALSE,FALSE,TRUE,FALSE,"drums_1.ogg, drums_2.ogg, guitar.ogg, rhythm.ogg, song.ogg, vocals.ogg",0 0 0 0 0 0,0 0 0 0,0 0 0 0 0 0,Unknown,matched
The Black Keys - Howlin' for You,Howlin' for You,The Black Keys,Brothers,2010,Harmonix,1,2,1,3,2,5,-1,-1,2,3,-1,FALSE,TRUE,TRUE,FALSE,"drums.ogg, guitar.ogg, keys.ogg, rhythm.ogg, song.ogg, vocals.ogg",0 0 0 0 0 0,0 0 0 0,0 0 0 0 0 0,0 0 0 0,matched
The Black Keys - Lonely Boy,Lonely Boy,The Black Keys,El Camino,2011,Harmonix,1,2,1,3,0,2,-1,-1,0,3,-1,FALSE,TRUE,TRUE,FALSE,"drums_1.ogg, drums_2.ogg, drums_3.ogg, guitar.ogg, keys.ogg, rhythm.ogg, song.ogg, vocals.ogg",0 0 0 0 0 0,0 0 0 0,0 0 0 0 0 0,0 0 0 0,matched
The Black Keys - Tighten Up,Tighten Up,The Black Keys,Brothers,2010,Harmonix,1,1,1,3,1,4,1,1,1,3,-1,TRUE,TRUE,TRUE,FALSE,"drums.ogg, guitar.ogg, keys.ogg, rhythm.ogg, song.ogg, vocals.ogg",0 0 0 0 0 0,0 0 0 0,0 0 0 0 0 0,0 0 0 0,matched
The Bronx - False Alarm,False Alarm,The Bronx,The Bronx,2003,Harmonix,4,5,4,5,-1,1,2,4,-1,5,-1,TRUE,FALSE,TRUE,FALSE,"drums_1.ogg, drums_2.ogg, drums_3.ogg, guitar.ogg, rhythm.ogg, song.ogg, vocals.ogg",0 0 0 0 0 0,0 0 0 0,0 0 0 0 0 0,0 0 0 0,matched
The Clash - Brand New Cadillac,Brand New Cadillac,The Clash,London Calling,1979,Harmonix,2,3,3,3,-1,2,-1,-1,-1,3,-1,FALSE,FALSE,TRUE,FALSE,"drums_1.ogg, drums_2.ogg, drums_3.ogg, guitar.ogg, rhythm.ogg, song.ogg, vocals.ogg",0 0 0 0 0 0,0 0 0 0,0 0 0 0 0 0,0 0 0 0,matched
The Clash - Clampdown,Clampdown,The Clash,London Calling,1979,Harmonix,4,3,3,4,3,2,2,3,3,4,2,TRUE,TRUE,TRUE,TRUE,"drums_1.ogg, drums_2.ogg, drums_3.ogg, guitar.ogg, keys.ogg, rhythm.ogg, song.ogg, vocals.ogg",0 0 0 0 0 0,0 0 0 0,0 0 0 0 0 0,0 0 0 0,matched
The Clash - Death or Glory,Death or Glory,The Clash,London Calling,1979,Harmonix,2,3,3,4,-1,3,-1,-1,-1,4,3,FALSE,FALSE,TRUE,TRUE,"drums_1.ogg, drums_2.ogg, drums_3.ogg, guitar.ogg, rhythm.ogg, song.ogg, vocals.ogg",0 0 0 0 0 0,0 0 0 0,0 0 0 0 0 0,0 0 0 0,matched
The Clash - Four Horsemen,Four Horsemen,The Clash,London Calling,1979,Harmonix,3,2,3,4,2,2,-1,-1,2,4,2,FALSE,TRUE,TRUE,TRUE,"drums_1.ogg, drums_2.ogg, drums_3.ogg, guitar.ogg, keys.ogg, rhythm.ogg, song.ogg, vocals.ogg",0 0 0 0 0 0,0 0 0 0,Unknown,0 0 0 0,matched
The Clash - Hateful,Hateful,The Clash,London Calling,1979,Harmonix,2,3,3,3,0,3,-1,-1,0,3,3,FALSE,TRUE,TRUE,TRUE,"drums_1.ogg, drums_2.ogg, drums_3.ogg, guitar.ogg, keys.ogg, rhythm.ogg, song.ogg, vocals.ogg",0 0 0 0 0 0,0 0 0 0,0 0 0 0 0 0,0 0 0 0,matched
The Clash - I'm Not Down,I'm Not Down,The Clash,London Calling,1979,Harmonix,5,3,4,4,3,3,-1,-1,4,4,-1,FALSE,TRUE,TRUE,FALSE,"drums_1.ogg, drums_2.ogg, drums_3.ogg, guitar.ogg, keys.ogg, rhythm.ogg, song.ogg, vocals.ogg",0 0 0 0 0 0,0 0 0 0,0 0 0 0 0 0,0 0 0 0,matched
The Clash - Jimmy Jazz,Jimmy Jazz,The Clash,London Calling,1979,Harmonix,4,3,2,4,3,2,-1,-1,-1,4,-1,FALSE,FALSE,TRUE,FALSE,"drums_1.ogg, drums_2.ogg, drums_3.ogg, guitar.ogg, keys.ogg, rhythm.ogg, song.ogg, vocals.ogg",0 0 0 0 0 0,0 0 0 0,0 0 0 0 0 0,0 0 0 0,matched
The Clash - Koka Kola,Koka Kola,The Clash,London Calling,1979,Harmonix,2,2,2,4,-1,4,-1,-1,-1,4,4,FALSE,FALSE,TRUE,TRUE,"drums_1.ogg, drums_2.ogg, drums_3.ogg, guitar.ogg, rhythm.ogg, song.ogg, vocals.ogg",0 0 0 0 0 0,0 0 0 0,Unknown,0 0 0 0,matched
The Clash - London Calling,London Calling,The Clash,London Calling,1979,Harmonix,2,2,2,4,-1,1,2,4,-1,4,1,TRUE,FALSE,TRUE,TRUE,"drums_1.ogg, drums_2.ogg, guitar.ogg, rhythm.ogg, song.ogg, vocals.ogg",0 0 0 0 0 0,0 0 0 0,0 0 0 0 0 0,0 0 0 0,matched
The Clash - Lost in the Supermarket,Lost in the Supermarket,The Clash,London Calling,1979,Harmonix,3,2,4,4,-1,2,-1,-1,-1,4,2,FALSE,FALSE,TRUE,TRUE,"drums_1.ogg, drums_2.ogg, drums_3.ogg, guitar.ogg, rhythm.ogg, song.ogg, vocals.ogg",0 0 0 0 0 0,0 0 0 0,0 4 2 1 0 0,0 0 0 0,matched
The Clash - Lover's Rock,Lover's Rock,The Clash,London Calling,1979,Harmonix,5,4,3,4,3,2,-1,-1,3,4,2,FALSE,TRUE,TRUE,TRUE,"drums_1.ogg, drums_2.ogg, guitar.ogg, keys.ogg, rhythm.ogg, song.ogg, vocals.ogg",0 0 0 0 0 0,0 0 0 0,0 0 0 0 0 0,0 0 0 0,matched
The Clash - Revolution Rock,Revolution Rock,The Clash,London Calling,1979,Harmonix,5,4,2,4,4,4,-1,-1,5,4,-1,FALSE,TRUE,TRUE,FALSE,"drums_1.ogg, drums_2.ogg, drums_3.ogg, guitar.ogg, keys.ogg, rhythm.ogg, song.ogg, vocals.ogg",0 0 0 0 0 0,0 0 0 0,0 0 0 0 0 0,0 0 0 0,matched
The Clash - Rock the Casbah,Rock the Casbah,The Clash,Combat Rock,1982,Harmonix,3,2,3,4,3,3,1,4,5,4,3,TRUE,TRUE,TRUE,TRUE,"drums_1.ogg, drums_2.ogg, drums_3.ogg, guitar.ogg, keys.ogg, rhythm.ogg, song.ogg, vocals.ogg",0 0 0 0 0 0,0 0 0 0,0 0 0 0 0 0,0 0 0 0,matched
The Clash - Rudie Can't Fail,Rudie Can't Fail,The Clash,London Calling,1979,Harmonix,3,3,3,4,2,4,3,4,2,4,4,TRUE,TRUE,TRUE,TRUE,"drums_1.ogg, drums_2.ogg, drums_3.ogg, guitar.ogg, keys.ogg, rhythm.ogg, song.ogg, vocals.ogg",0 0 0 0 0 0,0 0 0 0,0 0 0 0 0 0,0 0 0 0,matched
The Clash - Spanish Bombs,Spanish Bombs,The Clash,London Calling,1979,Harmonix,2,3,3,3,4,2,3,3,5,3,2,TRUE,TRUE,TRUE,TRUE,"drums_1.ogg, drums_2.ogg, drums_3.ogg, guitar.ogg, keys.ogg, rhythm.ogg, song.ogg, vocals.ogg",0 0 0 0 0 0,0 0 0 0,0 0 0 0 0 0,0 0 0 0,matched
The Clash - The Card Cheat,The Card Cheat,The Clash,London Calling,1979,Harmonix,1,1,3,3,3,2,1,1,4,3,-1,TRUE,TRUE,TRUE,FALSE,"drums_1.ogg, drums_2.ogg, guitar.ogg, keys.ogg, rhythm.ogg, song.ogg, vocals.ogg",0 0 0 0 0 0,0 0 0 0,Unknown,0 0 0 0,matched
The Clash - The Guns of Brixton,The Guns of Brixton,The Clash,London Calling,1979,Harmonix,2,3,3,3,-1,2,-1,-1,-1,3,2,FALSE,FALSE,TRUE,TRUE,"drums_1.ogg, drums_2.ogg, guitar.ogg, rhythm.ogg, song.ogg, vocals.ogg",0 0 0 0 0 0,0 0 0 0,0 0 0 0 0 0,0 0 0 0,matched
The Clash - The Right Profile,The Right Profile,The Clash,London Calling,1979,Harmonix,3,3,2,4,3,2,-1,-1,3,4,2,FALSE,TRUE,TRUE,TRUE,"drums_1.ogg, drums_2.ogg, guitar.ogg, keys.ogg, rhythm.ogg, song.ogg, vocals.ogg",0 0 0 0 0 0,0 0 0 0,Unknown,0 0 0 0,matched
The Clash - Wrong 'Em Boyo,Wrong 'Em Boyo,The Clash,London Calling,1979,Harmonix,3,2,2,4,4,4,-1,-1,4,4,4,FALSE,TRUE,TRUE,TRUE,"drums_1.ogg, drums_2.ogg, drums_3.ogg, guitar.ogg, keys.ogg, rhythm.ogg, song.ogg, vocals.ogg",0 0 0 0 0 0,0 0 0 0,0 0 0 0 0 0,0 0 0 0,matched
The Cure - Just Like Heaven,Just Like Heaven,The Cure,"Kiss Me, Kiss Me, Kiss Me",1987,Harmonix,0,1,0,0,0,1,5,0,1,0,1,TRUE,TRUE,TRUE,TRUE,"drums_1.ogg, drums_2.ogg, drums_3.ogg, guitar.ogg, keys.ogg, rhythm.ogg, song.ogg, vocals.ogg",0 0 0 0 0 0,0 0 0 0,0 0 0 0 0 0,0 0 0 0,matched
The Darkness - I Believe in a Thing Called Love,I Believe in a Thing Called Love,The Darkness,Permission to Land,2003,Harmonix,3,4,2,3,0,5,4,2,0,3,5,TRUE,TRUE,TRUE,TRUE,"drums.ogg, guitar.ogg, keys.ogg, rhythm.ogg, song.ogg, vocals.ogg",0 0 0 0 0 0,0 0 0 0,0 0 0 0 0 0,0 0 0 0,matched
The Doobie Brothers - China Grove,China Grove,The Doobie Brothers,The Captain and Me,1973,Harmonix,4,2,3,3,6,3,5,5,6,3,3,TRUE,TRUE,TRUE,TRUE,"drums_1.ogg, drums_2.ogg, drums_3.ogg, guitar.ogg, keys.ogg, rhythm.ogg, song.ogg, vocals.ogg",0 0 0 0 0 0,0 0 0 0,0 0 0 0 0 0,0 0 0 0,matched
The Doors - Break on Through (To the Other Side),Break on Through (To the Other Side),The Doors,The Doors,1967,Harmonix,4,3,5,4,4,1,1,3,4,4,-1,TRUE,TRUE,TRUE,FALSE,"drums.ogg, guitar.ogg, keys.ogg, rhythm.ogg, song.ogg, vocals.ogg",0 0 0 0 0 0,0 0 0 0,0 0 0 0 0 0,0 0 0 0,matched
"The Doors - Hello, I Love You","Hello, I Love You",The Doors,Waiting for the Sun,1968,Harmonix,2,1,2,4,4,3,-1,-1,4,4,3,FALSE,TRUE,TRUE,TRUE,"drums_1.ogg, drums_2.ogg, guitar.ogg, keys.ogg, rhythm.ogg, song.ogg, vocals.ogg",0 0 0 0 0 0,0 0 0 0,0 0 0 0 0 0,0 0 0 0,matched
The Doors - L.A. Woman,L.A. Woman,The Doors,L.A. Woman,1971,Harmonix,5,4,3,4,6,3,-1,-1,6,4,-1,FALSE,TRUE,TRUE,FALSE,"drums.ogg, guitar.ogg, keys.ogg, rhythm.ogg, song.ogg, vocals.ogg",0 0 0 0 0 0,0 0 0 0,0 0 0 0 0 0,0 0 0 0,matched
The Doors - Light My Fire,Light My Fire,The Doors,The Doors,1967,Harmonix,5,4,1,4,5,3,5,5,6,4,-1,TRUE,TRUE,TRUE,FALSE,"drums.ogg, guitar.ogg, keys.ogg, rhythm.ogg, song.ogg, vocals.ogg",0 0 0 0 0 0,0 0 0 0,0 0 0 0 0 0,0 0 0 0,matched
The Doors - Love Her Madly,Love Her Madly,The Doors,L.A. Woman,1971,Harmonix,5,3,2,4,4,2,-1,-1,5,4,-1,FALSE,TRUE,TRUE,FALSE,"drums_1.ogg, drums_2.ogg, guitar.ogg, keys.ogg, rhythm.ogg, song.ogg, vocals.ogg",0 0 0 0 0 0,0 0 0 0,0 0 0 0 0 0,0 0 0 0,matched
The Doors - Love Me Two Times,Love Me Two Times,The Doors,Strange Days,1967,Harmonix,4,4,2,3,4,3,-1,-1,4,3,-1,FALSE,TRUE,TRUE,FALSE,"drums.ogg, guitar.ogg, keys.ogg, rhythm.ogg, song.ogg, vocals.ogg",0 0 0 0 0 0,0 0 0 0,0 0 0 0 0 0,0 0 0 0,matched
The Doors - Peace Frog,Peace Frog,The Doors,Morrison Hotel,1970,Harmonix,5,4,2,4,4,2,-1,-1,4,4,2,FALSE,TRUE,TRUE,TRUE,"drums.ogg, guitar.ogg, keys.ogg, rhythm.ogg, song.ogg, vocals.ogg",0 0 0 0 0 0,0 0 0 0,0 0 0 0 0 0,0 0 0 0,matched
The Doors - People are Strange,People Are Strange,The Doors,Strange Days,1967,Harmonix,1,2,1,2,2,1,-1,-1,2,2,-1,FALSE,TRUE,TRUE,FALSE,"drums.ogg, guitar.ogg, keys.ogg, rhythm.ogg, song.ogg, vocals.ogg",0 0 0 0 0 0,0 0 0 0,0 0 0 0 0 0,0 0 0 0,matched
The Doors - Riders on the Storm,Riders on the Storm,The Doors,L.A. Woman,1971,Harmonix,1,2,1,2,5,1,2,2,5,2,-1,TRUE,TRUE,TRUE,FALSE,"drums.ogg, guitar.ogg, keys.ogg, rhythm.ogg, song.ogg, vocals.ogg",0 0 0 0 0 0,0 0 0 0,0 0 0 0 0 0,0 0 0 0,matched
The Doors - Roadhouse Blues,Roadhouse Blues,The Doors,Morrison Hotel,1970,Harmonix,2,3,2,3,4,3,-1,-1,4,3,-1,FALSE,TRUE,TRUE,FALSE,"drums.ogg, guitar.ogg, keys.ogg, rhythm.ogg, song.ogg, vocals.ogg",0 0 0 0 0 0,0 0 0 0,0 0 0 0 0 0,0 0 0 0,matched
The Doors - Soul Kitchen,Soul Kitchen,The Doors,L.A. Woman,1971,Harmonix,1,2,1,2,5,1,2,2,5,2,-1,TRUE,TRUE,TRUE,FALSE,"drums.ogg, guitar.ogg, keys.ogg, rhythm.ogg, song.ogg, vocals.ogg",0 0 0 0 0 0,0 0 0 0,0 0 0 0 0 0,0 0 0 0,matched
The Doors - The Crystal Ship,The Crystal Ship,The Doors,The Doors,1967,Harmonix,1,1,1,1,2,2,-1,-1,4,1,-1,FALSE,TRUE,TRUE,FALSE,"drums.ogg, guitar.ogg, keys.ogg, rhythm.ogg, song.ogg, vocals.ogg",0 0 0 0 0 0,0 0 0 0,0 0 0 0 0 0,0 0 0 0,matched
The Doors - Touch Me,Touch Me,The Doors,The Soft Parade,1969,Harmonix,6,3,2,5,6,2,1,2,6,5,-1,TRUE,TRUE,TRUE,FALSE,"drums.ogg, guitar.ogg, keys.ogg, rhythm.ogg, song.ogg, vocals.ogg",0 0 0 0 0 0,0 0 0 0,0 0 0 0 0 0,0 0 0 0,matched
The Edgar Winter Group - Frankenstein,Frankenstein,The Edgar Winter Group,They Only Come Out at Night,1972,Harmonix,6,3,4,5,6,-1,4,3,6,5,-1,TRUE,TRUE,TRUE,FALSE,"drums_1.ogg, drums_2.ogg, drums_3.ogg, guitar.ogg, keys.ogg, rhythm.ogg, song.ogg",0 0 0 0 0 0,0 0 0 0,Unknown,0 0 0 0,matched
The Edgar Winter Group - Free Ride,Free Ride,The Edgar Winter Group,They Only Come Out at Night,1972,Harmonix,5,4,4,4,5,4,-1,-1,5,4,4,FALSE,TRUE,TRUE,TRUE,"drums.ogg, guitar.ogg, keys.ogg, rhythm.ogg, song.ogg, vocals.ogg",0 0 0 0 0 0,0 0 0 0,0 0 0 0 0 0,0 0 0 0,matched
The Flaming Lips - Yoshimi Battles the Pink Robots Pt. 1,Yoshimi Battles the Pink Robots Pt. 1,The Flaming Lips,Yoshimi Battles the Pink Robots,2002,Harmonix,0,2,0,1,1,0,0,0,2,1,0,TRUE,TRUE,TRUE,TRUE,"drums.ogg, guitar.ogg, keys.ogg, rhythm.ogg, song.ogg, vocals.ogg",0 0 0 0 0 0,0 0 0 0,0 0 0 0 0 0,0 0 0 0,matched
The Flys - Got You (Where I Want You),Got You (Where I Want You),The Flys,Holiday Man,1998,Harmonix,1,2,2,2,1,3,2,1,1,2,-1,TRUE,TRUE,TRUE,FALSE,"drums_1.ogg, drums_2.ogg, guitar.ogg, keys.ogg, rhythm.ogg, song.ogg, vocals.ogg",0 0 0 0 0 0,0 0 0 0,-1 -1 -1 -1 -1 -1,-1 -1 -1 -1,matched
The Gracious Few - Appetite (RB3 version),Appetite (RB3 Version),The Gracious Few,The Gracious Few,2010,OffbeatEntertainment,4,3,2,2,-1,3,3,3,-1,2,-1,TRUE,FALSE,TRUE,FALSE,"drums_1.ogg, drums_2.ogg, drums_3.ogg, guitar.ogg, rhythm.ogg, song.ogg, vocals.ogg",0 0 0 0 0 0,0 0 0 0,0 0 0 0 0 0,0 0 0 0,matched
The Human League - Don't You Want Me,Don't You Want Me,The Human League,Dare,1981,Harmonix,2,2,3,4,3,2,-1,-1,3,4,2,FALSE,TRUE,TRUE,TRUE,"drums_1.ogg, drums_2.ogg, drums_3.ogg, guitar.ogg, keys.ogg, rhythm.ogg, song.ogg, vocals.ogg",0 0 0 0 0 0,0 0 0 0,0 0 0 0 0 0,0 0 0 0,matched
The J. Geils Band - Centerfold,Centerfold,The J. Geils Band,Freeze-Frame,1981,Harmonix,3,2,4,0,4,5,2,5,4,0,5,TRUE,TRUE,TRUE,TRUE,"drums_1.ogg, drums_2.ogg, drums_3.ogg, guitar.ogg, keys.ogg, rhythm.ogg, song.ogg, vocals.ogg",0 0 0 0 0 0,0 0 0 0,0 0 0 0 0 0,0 0 0 0,matched
The J. Geils Band - Freeze-Frame,Freeze-Frame,The J. Geils Band,Freeze-Frame,1981,Harmonix,1,1,1,3,1,4,1,3,1,3,4,TRUE,TRUE,TRUE,TRUE,"drums_1.ogg, drums_2.ogg, guitar.ogg, keys.ogg, rhythm.ogg, song.ogg, vocals.ogg",0 0 0 0 0 0,0 0 0 0,Unknown,0 0 0 0,matched
The Jimi Hendrix Experience - All Along the Watchtower,All Along the Watchtower,The Jimi Hendrix Experience,Electric Ladyland,1968,Harmonix,6,4,5,5,-1,4,6,6,-1,5,-1,TRUE,FALSE,TRUE,FALSE,"drums.ogg, guitar.ogg, rhythm.ogg, song.ogg, vocals.ogg",0 0 0 0 0 0,0 0 0 0,-1 -1 -1 -1 -1 -1,-1 -1 -1 -1,matched
The Jimi Hendrix Experience - Crosstown Traffic,Crosstown Traffic,The Jimi Hendrix Experience,Electric Ladyland,1968,Harmonix,5,5,4,4,5,6,6,6,6,4,6,TRUE,TRUE,TRUE,TRUE,"drums.ogg, guitar.ogg, keys.ogg, rhythm.ogg, song.ogg, vocals.ogg",0 0 0 0 0 0,0 0 0 0,-1 -1 -1 -1 -1 -1,-1 -1 -1 -1,matched
The Jimi Hendrix Experience - Gypsy Eyes,Gypsy Eyes,The Jimi Hendrix Experience,Electric Ladyland,1968,Harmonix,5,5,4,3,-1,5,-1,-1,-1,3,-1,FALSE,FALSE,TRUE,FALSE,"drums.ogg, guitar.ogg, rhythm.ogg, song.ogg, vocals.ogg",0 0 0 0 0 0,0 0 0 0,0 0 0 0 0 0,0 0 0 0,matched
The Jimi Hendrix Experience - Long Hot Summer Night,Long Hot Summer Night,The Jimi Hendrix Experience,Electric Ladyland,1968,Harmonix,6,5,4,4,4,6,-1,-1,5,4,6,FALSE,TRUE,TRUE,TRUE,"drums_1.ogg, drums_2.ogg, guitar.ogg, keys.ogg, rhythm.ogg, song.ogg, vocals.ogg",0 0 0 0 0 0,0 0 0 0,0 0 0 0 0 0,0 0 0 0,matched
Them Crooked Vultures - Dead End Friends,Dead End Friends,Them Crooked Vultures,Them Crooked Vultures,2009,Harmonix,5,5,5,5,4,4,6,5,4,5,4,TRUE,TRUE,TRUE,TRUE,"drums_1.ogg, drums_2.ogg, drums_3.ogg, guitar.ogg, keys.ogg, rhythm.ogg, song.ogg, vocals.ogg",0 0 0 0 0 0,0 0 0 0,0 0 0 0 0 0,0 0 0 0,matched
The Muffs - Outer Space,Outer Space,The Muffs,Happy Birthday to Me,1997,Harmonix,0,0,0,0,-1,5,1,2,-1,0,5,TRUE,FALSE,TRUE,TRUE,"drums_1.ogg, drums_2.ogg, drums_3.ogg, guitar.ogg, rhythm.ogg, song.ogg, vocals.ogg",0 0 0 0 0 0,0 0 0 0,0 0 0 0 0 0,0 0 0 0,matched
The Offspring - Days Go By,Days Go By,The Offspring,Days Go By,2012,Harmonix,2,2,2,3,1,2,2,2,1,3,2,TRUE,TRUE,TRUE,TRUE,"drums.ogg, guitar.ogg, keys.ogg, rhythm.ogg, song.ogg, vocals.ogg",0 0 0 0 0 0,0 0 0 0,0 0 0 0 0 0,0 0 0 0,matched
The Police - Don't Stand So Close to Me,Don't Stand So Close to Me,The Police,Zenyattà Mondatta,1980,Harmonix,1,4,3,1,2,4,5,1,3,1,4,TRUE,TRUE,TRUE,TRUE,"drums_1.ogg, drums_2.ogg, drums_3.ogg, guitar.ogg, keys.ogg, rhythm.ogg, song.ogg, vocals.ogg",0 0 0 0 0 0,0 0 0 0,0 0 0 0 0 0,0 0 0 0,matched
The Police - Every Breath You Take,Every Breath You Take,The Police,Synchronicity,1983,Harmonix,1,3,1,1,2,2,1,0,2,1,2,TRUE,TRUE,TRUE,TRUE,"drums_1.ogg, drums_2.ogg, drums_3.ogg, guitar.ogg, keys.ogg, rhythm.ogg, song.ogg, vocals.ogg",0 0 0 0 0 0,0 0 0 0,-1 -1 -1 -1 -1 -1,-1 -1 -1 -1,matched
The Police - So Lonely,So Lonely,The Police,Outlandos d'Amour,1978,Harmonix,4,4,2,4,-1,4,-1,-1,-1,4,-1,FALSE,FALSE,TRUE,FALSE,"drums_1.ogg, drums_2.ogg, drums_3.ogg, guitar.ogg, rhythm.ogg, song.ogg, vocals.ogg",0 0 0 0 0 0,0 0 0 0,0 0 0 0 0 0,0 0 0 0,matched
The Raveonettes - Last Dance,Last Dance,The Raveonettes,In and Out of Control,2009,Harmonix,0,0,0,1,2,1,0,4,1,1,1,TRUE,TRUE,TRUE,TRUE,"drums_1.ogg, drums_2.ogg, drums_3.ogg, guitar.ogg, keys.ogg, rhythm.ogg, song.ogg, vocals.ogg",0 0 0 0 0 0,0 0 0 0,0 0 0 0 0 0,0 0 0 0,matched
The Smiths - Stop Me if You Think You've Heard This One Before,Stop Me if You Think You've Heard This One Before,The Smiths,"Strangeways, Here We Come",1987,Harmonix,3,3,2,0,1,3,2,4,0,0,-1,TRUE,TRUE,TRUE,FALSE,"drums_1.ogg, drums_2.ogg, drums_3.ogg, guitar.ogg, keys.ogg, rhythm.ogg, song.ogg, vocals.ogg",0 0 0 0 0 0,0 0 0 0,0 0 0 0 0 0,0 0 0 0,matched
The Sounds - Living in America,Living in America,The Sounds,Living in America,2002,Harmonix,1,0,2,2,3,2,0,1,3,2,2,TRUE,TRUE,TRUE,TRUE,"drums_1.ogg, drums_2.ogg, drums_3.ogg, guitar.ogg, keys.ogg, rhythm.ogg, song.ogg, vocals.ogg",0 0 0 0 0 0,0 0 0 0,0 0 0 0 0 0,0 0 0 0,matched
The Strokes - Under Cover of Darkness,Under Cover of Darkness,The Strokes,Angles,2011,Harmonix,2,3,3,3,-1,3,4,2,-1,3,3,TRUE,FALSE,TRUE,TRUE,"drums_1.ogg, drums_2.ogg, guitar.ogg, rhythm.ogg, song.ogg, vocals.ogg",0 0 0 0 0 0,0 0 0 0,0 0 0 0 0 0,0 0 0 0,matched
The Vapors - Turning Japanese,Turning Japanese,The Vapors,New Clear Days,1980,Harmonix,4,4,4,4,1,4,3,3,1,4,4,TRUE,TRUE,TRUE,TRUE,"drums_1.ogg, drums_2.ogg, drums_3.ogg, guitar.ogg, keys.ogg, rhythm.ogg, song.ogg, vocals.ogg",0 0 0 0 0 0,0 0 0 0,0 0 0 0 0 0,0 0 0 0,matched
The Vines - Get Free,Get Free,The Vines,Highly Evolved,2002,Harmonix,2,1,2,2,-1,4,1,2,-1,2,4,TRUE,FALSE,TRUE,TRUE,"drums_1.ogg, drums_2.ogg, drums_3.ogg, guitar.ogg, rhythm.ogg, song.ogg, vocals.ogg",0 0 0 0 0 0,0 0 0 0,0 0 0 0 0 0,-2 0 0 0,matched
The White Stripes - The Hardest Button to Button,The Hardest Button to Button,The White Stripes,Elephant,2003,Harmonix,0,0,0,2,-1,5,0,1,-1,2,-1,TRUE,FALSE,TRUE,FALSE,"drums_1.ogg, drums_2.ogg, guitar.ogg, rhythm.ogg, song.ogg, vocals.ogg",0 0 0 0 0 0,0 0 0 0,-12 -12 -12 -12 -12 -12,Unknown,matched
The Who - I Can See for Miles,I Can See for Miles,The Who,The Who Sell Out,1967,Harmonix,2,2,1,6,-1,2,3,3,-1,6,2,TRUE,FALSE,TRUE,TRUE,"drums.ogg, guitar.ogg, rhythm.ogg, song.ogg, vocals.ogg",0 0 0 0 0 0,0 0 0 0,0 0 0 0 0 0,0 0 0 0,matched
Three Days Grace - Animal I Have Become,Animal I Have Become,Three Days Grace,One-X,2006,Harmonix,1,1,1,1,0,3,-1,-1,1,1,3,FALSE,TRUE,TRUE,TRUE,"drums_1.ogg, drums_2.ogg, guitar.ogg, keys.ogg, rhythm.ogg, song.ogg, vocals.ogg",0 0 0 0 0 0,0 0 0 0,-4 -2 -2 -2 -2 -2,-4 -2 -2 -2,matched
Three Days Grace - I Hate Everything About You,I Hate Everything About You,Three Days Grace,Three Days Grace,2003,Harmonix,1,2,2,3,-1,2,-1,-1,-1,3,2,FALSE,FALSE,TRUE,TRUE,"drums_1.ogg, drums_2.ogg, guitar.ogg, rhythm.ogg, song.ogg, vocals.ogg",0 0 0 0 0 0,0 0 0 0,-2 0 0 0 0 0,-2 0 0 0,matched
Three Days Grace - Pain,Pain,Three Days Grace,One-X,2006,Harmonix,1,2,2,1,1,2,1,1,1,1,2,TRUE,TRUE,TRUE,TRUE,"drums_1.ogg, drums_2.ogg, drums_3.ogg, guitar.ogg, keys.ogg, rhythm.ogg, song.ogg, vocals.ogg",-2 0 0 0 0 0,-2 0 0 0,-2 0 0 0 0 0,-2 0 0 0,matched
Three Days Grace - The Good Life,The Good Life,Three Days Grace,Life Starts Now,2009,Harmonix,2,3,4,3,-1,2,-1,-1,-1,3,2,FALSE,FALSE,TRUE,TRUE,"drums_1.ogg, drums_2.ogg, drums_3.ogg, guitar.ogg, rhythm.ogg, song.ogg, vocals.ogg",0 0 0 0 0 0,0 0 0 0,-2 0 0 0 0 0,-2 0 0 0,matched
Toadies - Away,Away,Toadies,Rubberneck,1994,Harmonix,1,3,1,3,-1,2,-1,-1,-1,3,-1,FALSE,FALSE,TRUE,FALSE,"drums_1.ogg, drums_2.ogg, guitar.ogg, rhythm.ogg, song.ogg, vocals.ogg",0 0 0 0 0 0,0 0 0 0,0 0 0 0 0 0,0 0 0 0,matched
Toadies - Possum Kingdom,Possum Kingdom,Toadies,Rubberneck,1994,Harmonix,2,3,1,3,-1,4,3,1,-1,3,-1,TRUE,FALSE,TRUE,FALSE,"drums_1.ogg, drums_2.ogg, guitar.ogg, rhythm.ogg, song.ogg, vocals.ogg",0 0 0 0 0 0,0 0 0 0,0 0 0 0 0 0,0 0 0 0,matched
Toadies - Tyler,Tyler,Toadies,Rubberneck,1994,Harmonix,1,3,1,3,-1,3,-1,-1,-1,3,-1,FALSE,FALSE,TRUE,FALSE,"drums_1.ogg, drums_2.ogg, drums_3.ogg, guitar.ogg, rhythm.ogg, song.ogg, vocals.ogg",0 0 0 0 0 0,0 0 0 0,0 0 0 0 0 0,0 0 0 0,matched
Tokio Hotel - Humanoid,Humanoid,Tokio Hotel,Humanoid,2009,Harmonix,5,3,3,5,3,6,4,3,1,5,6,TRUE,TRUE,TRUE,TRUE,"drums.ogg, guitar.ogg, keys.ogg, rhythm.ogg, song.ogg, vocals.ogg",0 0 0 0 0 0,0 0 0 0,-5 -3 -3 -3 9 -3,0 0 0 0,matched
Tommy Tutone - 867-5309-Jenny,867-5309/Jenny,Tommy Tutone,Tutone-Ality,1981,Harmonix,2,3,2,2,0,2,-1,-1,0,2,2,FALSE,TRUE,TRUE,TRUE,"drums_1.ogg, drums_2.ogg, drums_3.ogg, guitar.ogg, keys.ogg, rhythm.ogg, song.ogg, vocals.ogg",0 0 0 0 0 0,0 0 0 0,0 0 0 0 0 0,0 0 0 0,matched
Tom Petty and the Heartbreakers - I Need to Know,I Need to Know,Tom Petty and the Heartbreakers,You're Gonna Get It!,1978,Harmonix,1,3,2,1,3,3,2,2,3,1,3,TRUE,TRUE,TRUE,TRUE,"drums_1.ogg, drums_2.ogg, guitar.ogg, keys.ogg, rhythm.ogg, song.ogg, vocals.ogg",0 0 0 0 0 0,0 0 0 0,0 0 0 0 0 0,0 0 0 0,matched
Toto - Rosanna,Rosanna,Toto,Toto IV,1982,Harmonix,6,5,3,5,4,5,-1,-1,4,5,5,FALSE,TRUE,TRUE,TRUE,"drums_1.ogg, drums_2.ogg, guitar.ogg, keys.ogg, rhythm.ogg, song.ogg, vocals.ogg",0 0 0 0 0 0,0 0 0 0,0 0 0 0 0 0,0 0 0 0,matched
Trace Adkins - Ride,Ride,Trace Adkins,Dangerous Man,2006,Harmonix,4,4,3,4,-1,3,4,4,-1,4,3,TRUE,FALSE,TRUE,TRUE,"drums_1.ogg, drums_2.ogg, drums_3.ogg, guitar.ogg, rhythm.ogg, song.ogg, vocals.ogg",0 0 0 0 0 0,0 0 0 0,0 0 0 0 0 0,0 0 0 0,matched
Trace Adkins - Ride (RB3 version),Ride (RB3 version),Trace Adkins,Dangerous Man,2006,Harmonix,4,4,3,4,6,3,4,4,5,4,3,TRUE,TRUE,TRUE,TRUE,"drums_1.ogg, drums_2.ogg, drums_3.ogg, guitar.ogg, keys.ogg, rhythm.ogg, song.ogg, vocals.ogg",0 0 0 0 0 0,0 0 0 0,0 0 0 0 0 0,0 0 0 0,matched
Train - Drops of Jupiter,Drops of Jupiter,Train,Drops of Jupiter,2001,Harmonix,3,2,1,3,3,4,2,2,3,3,4,TRUE,TRUE,TRUE,TRUE,"drums_1.ogg, drums_2.ogg, guitar.ogg, keys.ogg, rhythm.ogg, song.ogg, vocals.ogg",0 0 0 0 0 0,0 0 0 0,0 0 0 0 0 0,0 0 0 0,matched
Travie McCoy (ft. Bruno Mars) - Billionaire,Billionaire,Travie McCoy (ft. Bruno Mars),Lazarus,2010,Harmonix,2,1,3,4,2,3,-1,-1,2,4,3,FALSE,TRUE,TRUE,TRUE,"drums.ogg, guitar.ogg, keys.ogg, rhythm.ogg, song.ogg, vocals.ogg",0 0 0 0 0 0,0 0 0 0,0 0 0 0 0 0,0 0 0 0,matched
T. Rex - 20th Century Boy,20th Century Boy,T. Rex,Tanx,1973,Harmonix,4,4,3,2,4,4,2,4,5,2,4,TRUE,TRUE,TRUE,TRUE,"drums_1.ogg, drums_2.ogg, drums_3.ogg, guitar.ogg, keys.ogg, rhythm.ogg, song.ogg, vocals.ogg",0 0 0 0 0 0,0 0 0 0,0 0 0 0 0 0,0 0 0 0,matched
Trivium - In Waves (2x Bass Pedal Expert+),In Waves,Trivium,In Waves,2011,Harmonix,4,4,3,5,2,2,-1,-1,2,5,2,FALSE,TRUE,TRUE,TRUE,"drums_1.ogg, drums_2.ogg, guitar.ogg, keys.ogg, rhythm.ogg, song.ogg, vocals.ogg",0 0 0 0 0 0,0 0 0 0,-3 -1 -1 -1 -1 -1,-3 -3 -1 -1 -1,matched
Tutankamon - Starting to Appreciate,Starting to Appreciate,Tutankamon,Tutankamon,2009,Harmonix,5,5,2,5,-1,2,-1,-1,-1,5,2,FALSE,FALSE,TRUE,TRUE,"drums_1.ogg, drums_2.ogg, drums_3.ogg, guitar.ogg, rhythm.ogg, song.ogg, vocals.ogg",0 0 0 0 0 0,0 0 0 0,0 0 0 0 0 0,0 0 0 0,matched_no_artist_filter
Volbeat - A Warrior's Call (2x Bass Pedal Expert+),A Warrior's Call,Volbeat,Beyond Hell/Above Heaven,2010,Harmonix,4,3,3,5,-1,2,-1,-1,-1,5,2,FALSE,FALSE,TRUE,TRUE,"drums_1.ogg, drums_2.ogg, drums_3.ogg, guitar.ogg, rhythm.ogg, song.ogg, vocals.ogg",0 0 0 0 0 0,0 0 0 0,-2 -2 -2 -2 -2 -2,-2 -2 -2 -2,matched
WAR - Low Rider,Low Rider,WAR,Why Can't We Be Friends?,1975,Harmonix,0,0,3,0,3,1,0,1,3,0,-1,TRUE,TRUE,TRUE,FALSE,"drums_1.ogg, drums_2.ogg, drums_3.ogg, guitar.ogg, keys.ogg, rhythm.ogg, song.ogg, vocals.ogg",0 0 0 0 0 0,0 0 0 0,0 0 0 0 0 0,0 0 0 0,matched
Warren Zevon - Werewolves of London,Werewolves of London,Warren Zevon,Excitable Boy,1978,Harmonix,1,1,4,1,1,0,2,0,1,1,-1,TRUE,TRUE,TRUE,FALSE,"drums_1.ogg, drums_2.ogg, drums_3.ogg, guitar.ogg, keys.ogg, rhythm.ogg, song.ogg, vocals.ogg",0 0 0 0 0 0,0 0 0 0,0 0 0 0 0 0,0 0 0 0,matched
WAR - Spill the Wine,Spill the Wine,WAR,"Eric Burdon Declares ""War""",1970,Harmonix,1,1,1,3,3,1,-1,-1,4,3,-1,FALSE,TRUE,TRUE,FALSE,"drums_1.ogg, drums_2.ogg, guitar.ogg, keys.ogg, rhythm.ogg, song.ogg, vocals.ogg",0 0 0 0 0 0,0 0 0 0,Unknown,0 0 0 0,matched
Weezer - Back to the Shack,Back to the Shack,Weezer,Everything Will Be Alright in the End,2014,Harmonix,3,3,3,3,-1,1,-1,-1,-1,3,1,FALSE,FALSE,TRUE,TRUE,"drums.ogg, guitar.ogg, rhythm.ogg, song.ogg, vocals.ogg",0 0 0 0 0 0,0 0 0 0,-1 -1 -1 -1 -1 -1,-1 -1 -1 -1,matched
Weezer - Hash Pipe,Hash Pipe,Weezer,Weezer (The Green Album),2001,Harmonix,2,3,3,3,-1,2,2,1,-1,3,2,TRUE,FALSE,TRUE,TRUE,"drums_1.ogg, drums_2.ogg, guitar.ogg, rhythm.ogg, song.ogg, vocals.ogg",0 0 0 0 0 0,0 0 0 0,0 0 0 0 0 0,0 0 0 0,matched
Weezer - Island in the Sun,Island in the Sun,Weezer,Weezer (The Green Album),2001,Harmonix,1,2,1,1,-1,2,-1,-1,-1,1,2,FALSE,FALSE,TRUE,TRUE,"drums_1.ogg, drums_2.ogg, drums_3.ogg, guitar.ogg, rhythm.ogg, song.ogg, vocals.ogg",0 0 0 0 0 0,0 0 0 0,0 0 0 0 0 0,0 0 0 0,matched
Weezer - Perfect Situation,Perfect Situation,Weezer,Make Believe,2005,Harmonix,1,3,1,2,1,3,-1,-1,1,2,3,FALSE,TRUE,TRUE,TRUE,"drums_1.ogg, drums_2.ogg, guitar.ogg, keys.ogg, rhythm.ogg, song.ogg, vocals.ogg",0 0 0 0 0 0,0 0 0 0,-1 -1 -1 -1 -1 -1,-1 -1 -1 -1,matched
Whitesnake - Here I Go Again,Here I Go Again,Whitesnake,Whitesnake,1987,Harmonix,3,5,1,2,2,4,4,2,3,2,4,TRUE,TRUE,TRUE,TRUE,"drums_1.ogg, drums_2.ogg, drums_3.ogg, guitar.ogg, keys.ogg, rhythm.ogg, song.ogg, vocals.ogg",0 0 0 0 0 0,0 0 0 0,0 0 0 0 0 0,0 0 0 0,matched
Whitesnake - Still of the Night,Still of the Night,Whitesnake,Whitesnake,1987,Harmonix,6,5,5,2,5,5,-1,-1,5,2,5,FALSE,TRUE,TRUE,TRUE,"drums_1.ogg, drums_2.ogg, drums_3.ogg, guitar.ogg, keys.ogg, rhythm.ogg, song.ogg, vocals.ogg",0 0 0 0 0 0,0 0 0 0,0 0 0 0 0 0,0 0 0 0,matched
White Zombie - Super-Charger Heaven (2x Bass Pedal Expert+),Super-Charger Heaven,White Zombie,Astro-Creep:2000,1995,Harmonix,5,5,4,5,-1,1,-1,-1,-1,5,1,FALSE,FALSE,TRUE,TRUE,"drums_1.ogg, drums_2.ogg, guitar.ogg, rhythm.ogg, song.ogg, vocals.ogg",0 0 0 0 0 0,0 0 0 0,-3 -3 -3 -3 -3 -3,-3 -3 -3 -3,matched
White Zombie - Thunder Kiss '65,Thunder Kiss '65,White Zombie,"La Sexorcisto: Devil Music, Vol. 1",1992,Harmonix,4,4,3,4,-1,3,-1,-1,-1,4,-1,FALSE,FALSE,TRUE,FALSE,"drums_1.ogg, drums_2.ogg, drums_3.ogg, guitar.ogg, rhythm.ogg, song.ogg, vocals.ogg",0 0 0 0 0 0,0 0 0 0,0 0 0 0 0 0,0 0 0 0,matched
Wir sind Helden - Nur ein Wort,Nur ein Wort,Wir sind Helden,Von hier an blind,2005,Harmonix,4,4,3,4,3,3,-1,-1,3,4,3,FALSE,TRUE,TRUE,TRUE,"drums_1.ogg, drums_2.ogg, drums_3.ogg, guitar.ogg, keys.ogg, rhythm.ogg, song.ogg, vocals.ogg",0 0 0 0 0 0,0 0 0 0,0 0 0 0 0 0,0 0 0 0,matched
Yellowcard - Only One,Only One,Yellowcard,Ocean Avenue,2003,Harmonix,4,3,2,3,3,3,-1,-1,5,3,3,FALSE,TRUE,TRUE,TRUE,"drums_1.ogg, drums_2.ogg, guitar.ogg, keys.ogg, rhythm.ogg, song.ogg, vocals.ogg",0 0 0 0 0 0,0 0 0 0,0 0 0 0 0 0,0 0 0 0,matched
Yes - Heart of the Sunrise,Heart of the Sunrise,Yes,Fragile,1971,Harmonix,6,5,5,5,6,3,-1,-1,6,5,3,FALSE,TRUE,TRUE,TRUE,"drums_1.ogg, drums_2.ogg, drums_3.ogg, guitar.ogg, keys.ogg, rhythm.ogg, song.ogg, vocals.ogg",0 0 0 0 0 0,0 0 0 0,0 0 0 0 0 0,0 0 0 0,matched
Yes - I've Seen All Good People,I've Seen All Good People,Yes,The Yes Album,1971,Harmonix,6,4,5,4,6,4,5,5,6,4,4,TRUE,TRUE,TRUE,TRUE,"drums_1.ogg, drums_2.ogg, drums_3.ogg, guitar.ogg, keys.ogg, rhythm.ogg, song.ogg, vocals.ogg",0 0 0 0 0 0,0 0 0 0,0 0 0 0 0 0,0 0 0 0,matched
Yes - Owner of a Lonely Heart,Owner of a Lonely Heart,Yes,90125,1983,Harmonix,2,3,2,3,3,4,2,2,3,3,4,TRUE,TRUE,TRUE,TRUE,"drums.ogg, guitar.ogg, keys.ogg, rhythm.ogg, song.ogg, vocals.ogg",0 0 0 0 0 0,0 0 0 0,0 0 0 0 0 0,0 0 0 0,matched
Yes - Roundabout,Roundabout,Yes,Fragile,1971,Harmonix,6,6,6,6,6,5,6,6,6,6,5,TRUE,TRUE,TRUE,TRUE,"drums.ogg, guitar.ogg, keys.ogg, rhythm.ogg, song.ogg, vocals.ogg",0 0 0 0 0 0,0 0 0 0,0 0 0 0 0 0,0 0 0 0,matched
Yes - South Side of the Sky,South Side of the Sky,Yes,Fragile,1971,Harmonix,6,5,4,5,5,4,-1,-1,5,5,4,FALSE,TRUE,TRUE,TRUE,"drums.ogg, guitar.ogg, keys.ogg, rhythm.ogg, song.ogg, vocals.ogg",0 0 0 0 0 0,0 0 0 0,0 0 0 0 0 0,0 0 0 0,matched
Yes - Starship Trooper,Starship Trooper,Yes,The Yes Album,1971,Harmonix,5,6,3,4,6,4,-1,-1,6,4,4,FALSE,TRUE,TRUE,TRUE,"drums_1.ogg, drums_2.ogg, drums_3.ogg, guitar.ogg, keys.ogg, rhythm.ogg, song.ogg, vocals.ogg",0 0 0 0 0 0,0 0 0 0,0 0 0 0 0 0,0 0 0 0,matched
Young the Giant - My Body,My Body,Young the Giant,Young the Giant,2010,Harmonix,2,3,3,3,1,4,-1,-1,1,3,4,FALSE,TRUE,TRUE,TRUE,"drums_1.ogg, drums_2.ogg, drums_3.ogg, guitar.ogg, keys.ogg, rhythm.ogg, song.ogg, vocals.ogg",0 0 0 0 0 0,0 0 0 0,0 0 0 0 0 0,0 0 0 0,matched
